seg_id,time_to_failure
seg_d39131,8.859207153320312
seg_a975df,3.5958080291748047
seg_634180,3.0166893005371094
seg_ce5520,3.284221649169922
seg_59eb97,4.254249095916748
seg_804fb5,7.118006706237793
seg_d9a2bb,4.70664119720459
seg_a58a6e,3.1121296882629395
seg_b47c19,6.074697494506836
seg_4587bb,7.056496620178223
seg_4cb9c6,2.477052688598633
seg_3e00cd,9.539731979370117
seg_6a26de,1.9083971977233887
seg_cf74e8,2.0958633422851562
seg_57908c,3.920121192932129
seg_e1f045,5.323891639709473
seg_f02d32,5.867513656616211
seg_bca500,4.2336859703063965
seg_60df2a,5.942019462585449
seg_7a9228,1.7117414474487305
seg_079e34,3.7970128059387207
seg_ad759c,2.3162899017333984
seg_65c4e1,6.730528354644775
seg_970e86,8.890804290771484
seg_a55a17,3.8369784355163574
seg_c5abaa,5.983644485473633
seg_461b63,3.064602851867676
seg_f80e44,4.387150764465332
seg_5c530f,3.1042027473449707
seg_57ea44,2.5634732246398926
seg_266805,3.4554343223571777
seg_aae025,8.381484031677246
seg_9d6ff0,3.23630952835083
seg_d4ea17,7.185158729553223
seg_2e50fb,4.543185710906982
seg_7e3b3e,2.3412318229675293
seg_2c3203,2.6705102920532227
seg_486973,3.6159286499023438
seg_92b095,1.0543889999389648
seg_2774c4,9.518465995788574
seg_114b79,4.0337233543396
seg_17d1ff,3.107822895050049
seg_988e69,1.8750534057617188
seg_907c52,5.38296365737915
seg_7ebdc3,2.286010265350342
seg_a489e1,6.019073486328125
seg_e067ab,7.267439365386963
seg_5147e1,3.6126389503479004
seg_e80726,5.299442291259766
seg_419531,8.542278289794922
seg_31a6cd,3.157963752746582
seg_0e3ed2,2.4911675453186035
seg_58e74b,2.388823986053467
seg_ef9105,9.017075538635254
seg_93211c,6.958465576171875
seg_d247da,6.465908050537109
seg_004f1f,3.843353271484375
seg_b8141c,4.644394397735596
seg_0e9987,4.356774806976318
seg_4280d9,9.09487247467041
seg_c365de,1.5991735458374023
seg_e41fc9,4.401443004608154
seg_4ea3fa,5.385134696960449
seg_8f5589,7.047443866729736
seg_c901c0,2.5534892082214355
seg_b2b29d,7.66922664642334
seg_8a41bf,3.069119453430176
seg_bff392,3.177852153778076
seg_24c1c9,3.3285508155822754
seg_83f928,9.273301124572754
seg_ee8f87,2.5601420402526855
seg_8a8375,7.372341156005859
seg_4ea81c,1.92341947555542
seg_a88dde,7.750631332397461
seg_f6c0cb,3.3933329582214355
seg_b80366,8.047853469848633
seg_40f810,3.4398398399353027
seg_850d95,3.2175755500793457
seg_484901,2.729243755340576
seg_9c3ef8,6.942718505859375
seg_a80123,2.980968952178955
seg_b568c6,7.231868743896484
seg_e3005e,3.0478720664978027
seg_36e32d,8.872106552124023
seg_17e596,7.193475246429443
seg_72859b,3.426319122314453
seg_71b975,3.390949249267578
seg_7020c5,6.455451488494873
seg_70b375,6.569239616394043
seg_4743fa,9.62682056427002
seg_8ae847,3.7896690368652344
seg_e7ac12,3.1152915954589844
seg_b8fd73,9.456465721130371
seg_a88097,9.651334762573242
seg_f30b2f,6.034701347351074
seg_0b082e,8.736435890197754
seg_7428e7,5.862343788146973
seg_88b289,9.32738208770752
seg_bd00c4,4.848729133605957
seg_2a4551,5.968910217285156
seg_dbbb44,4.884778022766113
seg_b69455,8.484880447387695
seg_80fb86,4.653426647186279
seg_48b545,7.997662544250488
seg_86cfe9,8.540053367614746
seg_db4185,3.9777631759643555
seg_ab15ad,6.983152389526367
seg_c94941,-0.7195367813110352
seg_0a0fbb,9.13337516784668
seg_f21a22,4.145784854888916
seg_63130f,9.678816795349121
seg_fc407c,3.177117347717285
seg_63c518,1.357071876525879
seg_f0db55,1.1986684799194336
seg_c60dca,3.7238683700561523
seg_217eed,2.3493142127990723
seg_c42490,3.392650604248047
seg_be19e2,7.180011749267578
seg_c25855,9.453932762145996
seg_397983,6.509703159332275
seg_c509ff,4.6925048828125
seg_0f74a3,6.2844085693359375
seg_986976,5.76893424987793
seg_cacd0a,6.484189987182617
seg_8f3247,7.613484859466553
seg_257b8a,5.980075836181641
seg_59cfdb,9.205082893371582
seg_5bc0b0,8.031974792480469
seg_a99799,3.3291244506835938
seg_83bef8,3.765911102294922
seg_06bbc5,3.4257450103759766
seg_ebec3e,3.625424861907959
seg_8ab3a7,1.833991527557373
seg_eccb17,1.7644543647766113
seg_c20a27,3.614424228668213
seg_4185b3,4.977553844451904
seg_790108,7.13355827331543
seg_23c947,-1.7052955627441406
seg_23b123,9.483667373657227
seg_0d833c,5.847410202026367
seg_434c96,2.6130781173706055
seg_4a6096,2.705669403076172
seg_30ad2a,2.795619010925293
seg_335170,3.3577880859375
seg_ef47c4,8.34203815460205
seg_6422d1,7.219104766845703
seg_f77ee5,9.424238204956055
seg_ba9dbf,3.8469300270080566
seg_f5a6ab,7.179208755493164
seg_fb76ca,5.986661911010742
seg_c3f672,8.176241874694824
seg_2ece02,2.1090450286865234
seg_e6bd3f,3.320087432861328
seg_c23641,3.2732067108154297
seg_226e60,8.580608367919922
seg_660fe1,1.6025238037109375
seg_b57e76,5.001057147979736
seg_b1fea8,2.710238456726074
seg_94a133,3.8441243171691895
seg_8c6e34,1.1073427200317383
seg_c703be,6.595800399780273
seg_85e9c6,7.989640235900879
seg_b51b7c,4.647213459014893
seg_cecd29,5.634171485900879
seg_b41d3c,2.3580846786499023
seg_d68930,9.455077171325684
seg_3a22ac,4.072651386260986
seg_b77bf5,9.271129608154297
seg_82ce27,3.5976295471191406
seg_e9272e,3.028141975402832
seg_455b16,4.415005207061768
seg_7ddc30,9.05190372467041
seg_456149,8.87031364440918
seg_a436bc,8.67791748046875
seg_d3d8fc,2.473440170288086
seg_974049,4.451261043548584
seg_ea9d37,3.711667537689209
seg_c7a3bc,1.738992691040039
seg_bfdd14,-3.3380584716796875
seg_b78883,9.534262657165527
seg_970b35,4.1770219802856445
seg_a2fd8b,4.018078804016113
seg_447972,2.791192054748535
seg_004cd2,7.090483665466309
seg_2cac57,9.680761337280273
seg_5b7325,3.1659789085388184
seg_48a80c,2.3063955307006836
seg_570a20,3.672286033630371
seg_4acc4b,3.33477783203125
seg_c60f1d,3.228415012359619
seg_b9ad7f,4.74336051940918
seg_6b9d02,3.825202465057373
seg_14c054,8.2808837890625
seg_60dacd,9.49530029296875
seg_b95010,3.042652130126953
seg_f056d8,3.805027961730957
seg_8773cf,2.177879810333252
seg_b5a447,7.534191131591797
seg_e34052,2.591989040374756
seg_53bdf5,7.429759979248047
seg_158691,4.015902996063232
seg_b7b098,2.6600799560546875
seg_d6b546,7.102621078491211
seg_b25dde,1.942878246307373
seg_c7a579,7.670698165893555
seg_280863,0.05160331726074219
seg_07cd72,4.638537883758545
seg_f43730,6.287903785705566
seg_a68007,2.361523151397705
seg_9a8a1f,1.5035524368286133
seg_591954,9.141535758972168
seg_10c09d,8.172903060913086
seg_bbbc30,2.2765426635742188
seg_c5dee4,0.4740152359008789
seg_7120ac,5.505835056304932
seg_5b8c39,3.6666345596313477
seg_1eeb8f,4.143466472625732
seg_7cbb45,5.314225196838379
seg_01a8dc,4.210440158843994
seg_69a230,3.3162283897399902
seg_63c9a3,4.757376670837402
seg_8b798b,9.222692489624023
seg_331f2b,9.00961971282959
seg_45b051,3.195568084716797
seg_b63de1,1.0786247253417969
seg_26cba3,2.7120842933654785
seg_76f1af,3.350395679473877
seg_9fd9b8,5.665593147277832
seg_dc4698,3.5636610984802246
seg_4f83a3,8.325691223144531
seg_b08e9d,9.401296615600586
seg_502fab,8.953758239746094
seg_3fb24b,4.493747234344482
seg_318135,1.0162286758422852
seg_922990,3.5929975509643555
seg_692e7a,7.949466228485107
seg_02042f,2.717914581298828
seg_ea9fa4,9.277082443237305
seg_0cdcc8,1.6758499145507812
seg_1a8f0d,3.625762939453125
seg_3bd97e,8.911442756652832
seg_1dec9c,9.361222267150879
seg_19b08e,2.6783719062805176
seg_a6bf91,5.331967353820801
seg_12b9ba,6.52017879486084
seg_2f4f14,4.110681533813477
seg_441c6d,8.448708534240723
seg_d26f7d,9.680761337280273
seg_d29a4b,4.939924716949463
seg_98be13,4.644318580627441
seg_8f4654,5.461431503295898
seg_8324a4,7.397889614105225
seg_fb74f0,6.653041839599609
seg_bf7224,3.699176788330078
seg_71f571,2.767876625061035
seg_bb6904,1.6934700012207031
seg_750244,5.750815391540527
seg_121cba,2.239941120147705
seg_a11dd5,3.224064350128174
seg_44d3ca,3.189387798309326
seg_d5df41,6.737343788146973
seg_5abfdd,3.728722095489502
seg_a3d4d6,2.666381359100342
seg_d5dbc1,2.194723129272461
seg_ab644e,4.975831985473633
seg_94ecad,8.996115684509277
seg_6c909f,2.2879672050476074
seg_eea20e,8.723198890686035
seg_fedbd1,8.176959991455078
seg_bd31bf,6.319414138793945
seg_fbf17a,8.904753684997559
seg_cd0691,3.851637363433838
seg_324447,6.2447686195373535
seg_56ebc7,2.7481961250305176
seg_911066,3.941598415374756
seg_d9750c,3.2477712631225586
seg_2cdbe3,1.7800054550170898
seg_521a88,8.61770248413086
seg_a4e745,7.980772972106934
seg_63c8e4,9.637127876281738
seg_f0ce4a,3.439406394958496
seg_95644e,5.691694259643555
seg_57dd68,8.78055477142334
seg_945bc8,2.225193977355957
seg_7bb771,4.535377025604248
seg_17799c,7.784712791442871
seg_d014a3,8.989391326904297
seg_d7a805,7.367002964019775
seg_30501b,9.405452728271484
seg_1b78af,3.446201801300049
seg_734a88,8.65634536743164
seg_5975f4,2.3000545501708984
seg_f95fd3,7.3060712814331055
seg_878d2c,9.068767547607422
seg_6167f0,5.096548080444336
seg_34a2b8,5.420251369476318
seg_658bf4,2.283679485321045
seg_87232d,5.438964366912842
seg_f734c8,8.510068893432617
seg_31d810,6.712625503540039
seg_55a0c3,4.657778263092041
seg_5ad847,4.217067241668701
seg_c472cf,7.933087348937988
seg_a49ccc,3.8165335655212402
seg_52c139,9.521026611328125
seg_280e3b,3.769465923309326
seg_a6c5cc,1.6022844314575195
seg_6b3a9d,3.7046751976013184
seg_69787a,7.01274299621582
seg_bb5e15,2.3417067527770996
seg_5639b3,5.885527610778809
seg_18d1d0,1.9361577033996582
seg_813aab,2.1502604484558105
seg_a18246,7.13944149017334
seg_306756,7.863017559051514
seg_e6c973,6.773135185241699
seg_fd9ac1,3.236793041229248
seg_211486,9.11719036102295
seg_be65f2,2.697531223297119
seg_903aba,8.878716468811035
seg_c5325c,9.495254516601562
seg_705463,2.871060371398926
seg_2005a7,4.286989212036133
seg_6ab188,5.980834484100342
seg_af6204,4.932234764099121
seg_d60d18,3.557795524597168
seg_8f1127,1.0418596267700195
seg_4c12b2,1.468083381652832
seg_bf4ec0,5.973756313323975
seg_be811d,1.2753181457519531
seg_19ec5c,9.566885948181152
seg_51f6fd,6.358119487762451
seg_421da1,8.005846977233887
seg_f4d644,2.1683053970336914
seg_ed52ac,8.619682312011719
seg_4b0839,1.8531227111816406
seg_c47bdc,5.5500569343566895
seg_529c99,4.212924480438232
seg_75dc3e,3.6853299140930176
seg_a7d0eb,3.7869815826416016
seg_d1ca05,9.140446662902832
seg_a80f6f,5.129705429077148
seg_75ffc9,5.317131996154785
seg_696621,2.9379100799560547
seg_78d817,5.341954708099365
seg_31c0f4,9.505460739135742
seg_ff2f2d,5.816794395446777
seg_1e572b,7.991488456726074
seg_586726,2.245504856109619
seg_c62a06,2.660121440887451
seg_42ff14,7.708102226257324
seg_c9831a,-0.7189226150512695
seg_aabc52,9.279013633728027
seg_b0a794,3.418196201324463
seg_12ee6e,4.19600248336792
seg_ce472b,8.111968994140625
seg_df45b0,6.878365516662598
seg_77db7b,9.3494291305542
seg_ea0091,3.2181196212768555
seg_4c3a2b,8.361591339111328
seg_3452b2,2.7958736419677734
seg_ba3c47,0.7131023406982422
seg_b88baa,7.3103766441345215
seg_c183e4,3.5825119018554688
seg_fdff11,2.2924156188964844
seg_d35274,2.054568290710449
seg_2f9336,5.779386520385742
seg_90c258,9.243987083435059
seg_0aa0fb,6.704417705535889
seg_f6a217,2.5810909271240234
seg_750c93,3.666412353515625
seg_fb00b3,9.050030708312988
seg_0f8961,8.929767608642578
seg_9fe8b9,6.4801225662231445
seg_eb47a9,2.3389077186584473
seg_91596c,7.510147571563721
seg_a2e2c8,2.7170257568359375
seg_6ae32d,1.6597280502319336
seg_da7c3b,8.09382152557373
seg_3506d6,1.5645523071289062
seg_9e61da,1.6122007369995117
seg_495573,9.331769943237305
seg_cf1371,2.048912525177002
seg_4e0c4a,8.88583755493164
seg_35dd45,9.130084991455078
seg_c627fc,7.723503112792969
seg_90a0be,0.5596408843994141
seg_f2ae5e,5.093595504760742
seg_c23429,2.7237744331359863
seg_0bb5fd,3.5926480293273926
seg_f6c928,7.852427959442139
seg_327ed4,1.5493812561035156
seg_11647f,3.64658260345459
seg_b8745c,9.164972305297852
seg_316f86,5.202579975128174
seg_c6f0a2,2.452157974243164
seg_76c2fa,3.11430025100708
seg_c15d21,7.222908973693848
seg_a5d37f,2.6614766120910645
seg_b735a5,7.237281322479248
seg_86d847,9.01753044128418
seg_766e42,2.1529345512390137
seg_bcf6af,6.846441268920898
seg_6ac82a,3.450105667114258
seg_50e270,7.194490432739258
seg_5924f5,4.108943939208984
seg_94c48c,7.403103828430176
seg_74b264,2.285402297973633
seg_570d69,9.118916511535645
seg_8658b3,7.580867767333984
seg_d5d3a1,5.098251819610596
seg_6e572a,2.6433591842651367
seg_e47d2b,2.9443812370300293
seg_d89369,2.7686924934387207
seg_3788c5,8.902776718139648
seg_a53e4c,5.611461639404297
seg_e6e1df,2.1405882835388184
seg_f2cb5e,3.0796804428100586
seg_cf9a49,3.7441248893737793
seg_6b4e04,9.015382766723633
seg_f2b0c5,1.8425283432006836
seg_117ff4,2.6597814559936523
seg_1969c8,8.363754272460938
seg_a8e71a,2.5572590827941895
seg_373a04,7.08790397644043
seg_dbf3f2,3.4798951148986816
seg_e4f403,3.700662136077881
seg_8baeab,4.494126319885254
seg_18f853,3.8101577758789062
seg_161f5f,2.830620765686035
seg_552b8e,9.520328521728516
seg_725e84,2.673318386077881
seg_0eb333,1.7816104888916016
seg_d2cb02,4.909434795379639
seg_490092,8.641305923461914
seg_cd2b34,4.386019229888916
seg_a8e6df,3.543300151824951
seg_a56c04,4.328828811645508
seg_aec276,9.27668285369873
seg_0c3943,3.2435059547424316
seg_26edaa,9.170391082763672
seg_76f76d,5.454339504241943
seg_04ae38,3.446683406829834
seg_35269b,9.226044654846191
seg_bf1a72,3.979578971862793
seg_f741af,4.266493797302246
seg_bc1d67,7.622496604919434
seg_87a616,2.9845995903015137
seg_bf1294,1.7959308624267578
seg_40b3aa,1.1820001602172852
seg_29c772,5.329525470733643
seg_2bf5be,9.05820083618164
seg_1a0e94,9.166522026062012
seg_e81b50,4.602681636810303
seg_151d92,4.054311752319336
seg_3fc7ca,8.70563793182373
seg_3b2013,-2.775710105895996
seg_7cd6b1,3.652398109436035
seg_1bf7b3,3.4818825721740723
seg_ffbd6a,1.6979351043701172
seg_89e207,4.778892517089844
seg_98a819,5.944619178771973
seg_80b9b4,5.749645709991455
seg_f69c38,3.944849967956543
seg_bb180c,3.9961252212524414
seg_703cea,7.714345932006836
seg_2f8e19,7.022200584411621
seg_bbb01e,6.914706230163574
seg_8f3dfe,4.940639019012451
seg_acd715,9.553767204284668
seg_9940e8,9.680761337280273
seg_a9089b,2.1912436485290527
seg_bcfad6,3.387822151184082
seg_9e3837,2.280402183532715
seg_e9a09f,3.158938407897949
seg_05f9d6,7.093912124633789
seg_e30ef5,2.7500905990600586
seg_5f352e,2.8043131828308105
seg_038879,8.573837280273438
seg_8456d3,3.4598212242126465
seg_477c83,6.075691223144531
seg_4ae712,9.475495338439941
seg_411225,2.3572654724121094
seg_137f8a,7.1860480308532715
seg_122ba9,2.023258686065674
seg_295b1c,8.82112979888916
seg_fbd66b,3.590329170227051
seg_72c307,6.970305919647217
seg_b6cb2b,2.3895516395568848
seg_b378bc,1.5818262100219727
seg_4eb127,2.928870677947998
seg_037461,2.3024988174438477
seg_77bf79,2.9864115715026855
seg_fc8fd6,0.8901958465576172
seg_c2a0c8,4.1432600021362305
seg_a9a820,2.468505382537842
seg_920132,8.362836837768555
seg_0879a8,8.615737915039062
seg_b0bf65,2.846860885620117
seg_967ae4,7.828339576721191
seg_dd0b11,2.8004612922668457
seg_de8180,1.3380365371704102
seg_6fc3ef,8.331809043884277
seg_9d57a1,7.943105220794678
seg_00e5f7,6.095677375793457
seg_51b68c,9.613981246948242
seg_9f57c4,7.720785140991211
seg_6e1ee7,8.229630470275879
seg_075f77,3.133350372314453
seg_31d763,5.407762050628662
seg_ecaef0,6.757862567901611
seg_2396a2,3.548610210418701
seg_e7d1f8,2.9326276779174805
seg_8a7201,2.0852785110473633
seg_5759c9,6.632607936859131
seg_0968f1,6.269664764404297
seg_476bdb,3.3438706398010254
seg_4a91a9,1.6723079681396484
seg_6153ca,9.45382022857666
seg_e5f9ec,7.821167469024658
seg_62a403,9.362248420715332
seg_4435bd,3.8364906311035156
seg_95357d,2.8847126960754395
seg_529be4,4.840766906738281
seg_bd7109,4.862378120422363
seg_a6e99c,-1.437464714050293
seg_82456a,3.019167900085449
seg_a2c108,8.961411476135254
seg_518b1e,0.8971738815307617
seg_614b50,1.8905696868896484
seg_2dfb91,2.0577378273010254
seg_3c64fb,5.413161754608154
seg_ca44a8,3.4564661979675293
seg_2e64af,4.300069808959961
seg_8e6a3f,7.142135143280029
seg_53fa13,3.1486964225769043
seg_395e0e,9.038811683654785
seg_816b7a,2.040785312652588
seg_9aa6e2,3.495283603668213
seg_d516e3,8.992562294006348
seg_d9d0e4,4.186302661895752
seg_dbc615,3.523569107055664
seg_176542,7.157746315002441
seg_7f786b,3.3392744064331055
seg_304581,4.043790817260742
seg_c5064e,8.623503684997559
seg_ba0485,8.865254402160645
seg_eebbc2,4.276064872741699
seg_7ce9cb,4.438831806182861
seg_4d2671,5.534916400909424
seg_c01d9a,9.046146392822266
seg_7f5b6f,9.393547058105469
seg_6fd5bb,7.001679420471191
seg_b1b95e,2.7645654678344727
seg_b5aee9,4.907474517822266
seg_c44bbc,3.294353485107422
seg_d27193,3.154648780822754
seg_4c8db6,8.836762428283691
seg_f5406b,3.927332878112793
seg_00cc91,2.461887836456299
seg_82303e,2.665780544281006
seg_e9df42,8.425976753234863
seg_5d94b2,3.099984645843506
seg_29022f,4.262542247772217
seg_6da1ff,5.331904411315918
seg_555f63,2.5707478523254395
seg_588f61,2.2441935539245605
seg_a87e79,1.6363487243652344
seg_d35e50,6.0296807289123535
seg_7a521c,2.432009220123291
seg_613702,4.536665439605713
seg_c22bd4,8.950682640075684
seg_5c0929,3.0295348167419434
seg_04ee93,7.032476902008057
seg_9f22a0,7.279313564300537
seg_6dac5d,9.566756248474121
seg_c5dada,4.173659324645996
seg_efc5fb,9.506111145019531
seg_1f3d44,7.084107398986816
seg_7c88d1,2.120840549468994
seg_aa7a4b,6.3846330642700195
seg_d7ab50,4.0486602783203125
seg_0e8b79,9.680761337280273
seg_cd699e,3.2741332054138184
seg_72b68c,9.480430603027344
seg_643f86,8.625831604003906
seg_105cd9,2.9951229095458984
seg_836aac,3.6594438552856445
seg_4f76a2,3.0994515419006348
seg_09dd59,6.748434066772461
seg_ec4645,2.9536046981811523
seg_750d20,4.967737674713135
seg_e96140,5.193416595458984
seg_78db0a,8.850107192993164
seg_32fc4e,9.495677947998047
seg_946d71,9.362390518188477
seg_83f476,4.675050735473633
seg_2ba79a,1.812859058380127
seg_20cbac,2.206850528717041
seg_1ef708,3.080911159515381
seg_1cf1b5,1.7577590942382812
seg_8dfc7e,2.353609085083008
seg_64daae,2.550708293914795
seg_27b7c8,7.44534969329834
seg_4fa87d,8.279172897338867
seg_94d150,2.6011452674865723
seg_c522f8,7.07968807220459
seg_845a2a,9.199566841125488
seg_db3fbe,9.590529441833496
seg_117278,3.979665756225586
seg_c5c6ea,5.356753349304199
seg_c11a4f,2.615920066833496
seg_0d13a7,3.4818029403686523
seg_c41d1d,3.8266568183898926
seg_ad82ca,5.123281478881836
seg_812a50,5.366464138031006
seg_76f3f2,8.85657024383545
seg_1bd38e,7.753581523895264
seg_db606c,5.960559368133545
seg_b402ac,4.865839958190918
seg_c46ce6,2.445425033569336
seg_9a7d1d,1.9167838096618652
seg_dd4594,3.047801971435547
seg_a5f4dd,5.002142906188965
seg_730ebe,3.220616340637207
seg_9b7ef8,9.404524803161621
seg_fad815,4.125828742980957
seg_7cdfe5,2.6558151245117188
seg_ff0f1b,2.74539852142334
seg_cacd58,4.628533363342285
seg_34a8f7,8.841543197631836
seg_48a4b3,8.462491989135742
seg_8cd159,4.328789234161377
seg_3b4414,2.8502206802368164
seg_e481c7,6.217502593994141
seg_ba941e,8.312681198120117
seg_952faa,3.549126148223877
seg_8fb0d0,5.275030136108398
seg_1abcaf,2.759714126586914
seg_4401d8,5.660468101501465
seg_6951e0,2.855955123901367
seg_9c6715,2.288559913635254
seg_cbcce9,5.27797269821167
seg_c01f63,7.336078643798828
seg_f8db0a,2.291900634765625
seg_8d5113,5.202419757843018
seg_b4f7a8,4.970242023468018
seg_2aa101,1.9482898712158203
seg_e5fbc1,-0.5503406524658203
seg_d9b162,7.277756214141846
seg_8d135f,7.054396152496338
seg_2e9a47,6.640982151031494
seg_c80857,0.845433235168457
seg_1db443,5.988577842712402
seg_eacccf,3.232654094696045
seg_c7b424,8.831703186035156
seg_136285,5.497708797454834
seg_e48c23,7.47801399230957
seg_55b566,0.9453840255737305
seg_d2a533,4.589907169342041
seg_08fd5b,4.588505268096924
seg_48feba,2.642699718475342
seg_6eb146,9.237587928771973
seg_3c4106,4.0859150886535645
seg_533613,8.767902374267578
seg_702e03,2.2937512397766113
seg_0b9ad8,8.36742877960205
seg_f24292,5.313547611236572
seg_aed434,6.246009826660156
seg_ca2d1b,3.781437397003174
seg_9cb464,3.345860004425049
seg_8fc754,7.26819372177124
seg_0d762e,5.954176425933838
seg_1c4e72,3.9706854820251465
seg_d3bb14,-0.4418478012084961
seg_68a484,8.723859786987305
seg_211299,6.342231750488281
seg_31d7bf,2.477064609527588
seg_63d651,3.5343546867370605
seg_1e617a,1.1391372680664062
seg_c186dc,3.564091205596924
seg_468fdb,4.144421577453613
seg_8e7fca,4.3192667961120605
seg_753ba6,2.2393407821655273
seg_326eb7,3.767411231994629
seg_758374,1.0272140502929688
seg_ed07b0,3.5717244148254395
seg_fe2aac,4.682933330535889
seg_524b39,4.474390983581543
seg_7189ca,6.625432968139648
seg_807901,3.407503128051758
seg_419b2a,9.026200294494629
seg_660fef,4.964413642883301
seg_ae42b3,9.519489288330078
seg_7f3ab0,3.804945468902588
seg_20a990,3.0387983322143555
seg_83dc2e,9.609590530395508
seg_1fe311,8.980398178100586
seg_5a0479,5.20196008682251
seg_2eddf6,8.108826637268066
seg_4c65e6,8.146761894226074
seg_86e874,1.585677146911621
seg_caa919,4.637518405914307
seg_b108c9,3.4888792037963867
seg_f6e89f,7.61442232131958
seg_2a6343,6.59004020690918
seg_3f2086,9.20710563659668
seg_154361,8.17026138305664
seg_42c4c9,2.039487361907959
seg_04fd93,5.45683479309082
seg_284223,5.972918510437012
seg_c654e7,5.978076934814453
seg_0e4833,9.420883178710938
seg_aa78e0,6.160688400268555
seg_d86eb6,2.958151340484619
seg_1e677e,3.526158332824707
seg_222c5f,2.8737096786499023
seg_ea05c1,8.61229133605957
seg_3adb1a,3.9727792739868164
seg_a437cb,1.778397560119629
seg_389906,7.046545028686523
seg_94d573,7.871621608734131
seg_007a37,2.432462215423584
seg_60ab20,9.521105766296387
seg_6d36a1,8.909490585327148
seg_92af10,8.05969524383545
seg_1562cb,9.6231689453125
seg_a8ddf7,1.6816062927246094
seg_13c2f0,3.364694595336914
seg_3661de,9.268954277038574
seg_f19f8e,8.037811279296875
seg_304b87,4.079681873321533
seg_d9190c,3.921215057373047
seg_e217fc,6.269672393798828
seg_07f8df,2.8470911979675293
seg_827a21,3.591519832611084
seg_5e020f,3.9129433631896973
seg_0165c6,9.013005256652832
seg_e76e6e,3.7782063484191895
seg_f99b64,5.436266899108887
seg_492dc6,2.3430747985839844
seg_9ad261,5.094747543334961
seg_3db0a8,3.8746237754821777
seg_2b4959,5.356283664703369
seg_15c9f9,2.3441505432128906
seg_2dccec,4.334809303283691
seg_7211f1,7.505086898803711
seg_c9f80a,3.5680251121520996
seg_966f3d,3.661013126373291
seg_c42952,6.340241432189941
seg_0a42ba,8.749556541442871
seg_161aeb,7.762852191925049
seg_383b6b,4.047615051269531
seg_92092a,4.710082530975342
seg_5c9077,6.885298728942871
seg_b13220,0.728611946105957
seg_e10d3b,8.875993728637695
seg_6d4109,8.383670806884766
seg_708349,9.027209281921387
seg_45a8a9,4.25718879699707
seg_26049e,8.443800926208496
seg_7a5243,4.295573711395264
seg_e3ca24,7.9206414222717285
seg_b4402d,9.332956314086914
seg_54d0f3,3.6915993690490723
seg_0144cb,3.7681884765625
seg_0e1370,1.7883758544921875
seg_cdf88e,1.622182846069336
seg_a99161,2.2363219261169434
seg_aa0180,2.5454182624816895
seg_ed3e4c,6.960728645324707
seg_99f76c,3.7486162185668945
seg_7862ed,3.2101473808288574
seg_70fb30,9.568009376525879
seg_39300d,3.1765918731689453
seg_f0574b,2.438230514526367
seg_461ab5,3.12648344039917
seg_a05c22,3.087275981903076
seg_c9e533,7.89948844909668
seg_46a42b,2.6921515464782715
seg_8310ea,7.435835838317871
seg_0dae4b,2.8117856979370117
seg_1ac9e2,4.131717681884766
seg_eabb2c,9.436620712280273
seg_890181,6.462704658508301
seg_0339ca,4.296744346618652
seg_b23489,3.704759120941162
seg_1f7cf8,2.979280948638916
seg_232559,7.940455913543701
seg_2700bd,4.061764717102051
seg_ced992,1.0492935180664062
seg_90bf60,8.661506652832031
seg_739679,3.083000659942627
seg_8d4965,4.652039527893066
seg_fc57d4,1.6569623947143555
seg_2465ce,4.839265823364258
seg_1c904f,1.8213682174682617
seg_ae3d92,4.435073375701904
seg_0042cc,5.933696269989014
seg_af1650,1.887209415435791
seg_ff1a62,8.810708045959473
seg_060ce4,3.9542150497436523
seg_04cceb,7.481117248535156
seg_a5934a,9.378193855285645
seg_00a37e,2.1397080421447754
seg_76d16c,6.309523582458496
seg_946d9a,4.4852986335754395
seg_fd374e,4.9839067459106445
seg_e30e44,2.313579559326172
seg_4d53c2,9.60670280456543
seg_d9dab4,9.509303092956543
seg_d1abaa,9.463532447814941
seg_a63573,3.506847858428955
seg_ada81a,9.37183952331543
seg_df8385,3.0562758445739746
seg_dc5e63,3.0851011276245117
seg_fb1f5c,8.649389266967773
seg_3ba485,9.284540176391602
seg_3319b5,8.236004829406738
seg_81c1a6,8.923888206481934
seg_f1f5b9,2.832124710083008
seg_fb4c26,4.915192127227783
seg_6e12ee,2.8124876022338867
seg_9d1b26,4.133157253265381
seg_812962,3.9260873794555664
seg_8c0114,2.4693312644958496
seg_c09a41,3.8509774208068848
seg_b21273,4.549392223358154
seg_055127,5.2314252853393555
seg_ec973c,9.496116638183594
seg_73b0f7,7.431839942932129
seg_bdf84b,4.649913787841797
seg_5d333e,8.650712966918945
seg_e4c15a,4.651534080505371
seg_89d8a0,2.7838945388793945
seg_31a51f,2.1883668899536133
seg_ad591c,7.482116222381592
seg_7fd3a3,2.3776659965515137
seg_75eb90,8.375614166259766
seg_3b30fd,9.166186332702637
seg_3bf9ac,2.1470437049865723
seg_b36c8a,1.899759292602539
seg_121446,7.969804763793945
seg_90b174,-1.109954833984375
seg_13e25f,5.976771354675293
seg_8f4781,3.162932872772217
seg_d1cb37,9.134456634521484
seg_9df32d,2.290898323059082
seg_e49750,5.252264976501465
seg_420d4e,6.483436584472656
seg_feb312,6.891860008239746
seg_2597af,3.4309163093566895
seg_369570,4.964962005615234
seg_e8385f,9.546889305114746
seg_629822,4.379977226257324
seg_e7ced6,7.991540431976318
seg_cf25d2,3.89321231842041
seg_9872f9,4.620630264282227
seg_87e4e8,-0.6999406814575195
seg_3c3ddf,2.5630264282226562
seg_138807,4.763824939727783
seg_f229bf,4.556309700012207
seg_ba3e74,1.7958874702453613
seg_d32f71,4.268863201141357
seg_b0f9cd,7.250160217285156
seg_d7f53a,3.4546828269958496
seg_c6b514,2.3206825256347656
seg_dff078,4.78577184677124
seg_3d6e79,5.349732875823975
seg_fdc1d4,4.539507865905762
seg_47a48f,8.483260154724121
seg_1144bc,9.39126205444336
seg_2383c2,5.963296890258789
seg_2dcd84,7.410623073577881
seg_c6f533,2.511702060699463
seg_06893f,3.66237735748291
seg_98ebaa,8.942551612854004
seg_78852d,3.9131317138671875
seg_ef74dc,5.9485883712768555
seg_8d3a9d,7.09539794921875
seg_8e7194,4.485527038574219
seg_cf646e,5.720932960510254
seg_21eebb,2.428694725036621
seg_81bebd,8.537396430969238
seg_2e88dd,7.0813493728637695
seg_51f0a2,3.1026229858398438
seg_4c4995,4.830574989318848
seg_8c1e7d,1.857192039489746
seg_643d1f,4.893101215362549
seg_2a2f1e,4.704537868499756
seg_8db6f0,5.732065200805664
seg_7ef97b,2.832180976867676
seg_ec0e7b,6.064937114715576
seg_e60719,8.611234664916992
seg_06b8c9,4.746458053588867
seg_622e9d,3.5129780769348145
seg_7d994f,2.5909929275512695
seg_ddbadc,9.41842269897461
seg_193404,9.609728813171387
seg_9ca72e,2.3799972534179688
seg_cc4950,1.8158259391784668
seg_7c9433,3.795156478881836
seg_1f3ede,2.4859280586242676
seg_7848f8,0.8515996932983398
seg_23323e,2.8203368186950684
seg_25c8dc,6.164662837982178
seg_5c1a4d,3.00897216796875
seg_586c0f,2.6581830978393555
seg_9ee0aa,7.523251533508301
seg_be30ce,5.019075870513916
seg_b32d1d,3.9189882278442383
seg_c01a57,1.8137617111206055
seg_84a65d,9.037123680114746
seg_beb650,8.121082305908203
seg_1afa29,2.2885308265686035
seg_ac5c61,9.083867073059082
seg_5cfba9,8.489697456359863
seg_ceb942,1.8305768966674805
seg_b782c7,7.943337440490723
seg_e256bd,3.0862932205200195
seg_377134,3.6855406761169434
seg_996c37,9.429596900939941
seg_4a9e6b,6.025694370269775
seg_d36737,3.6816625595092773
seg_330579,3.0549116134643555
seg_818382,4.851020812988281
seg_4eef28,8.498109817504883
seg_725772,7.874090194702148
seg_d1a281,3.3975915908813477
seg_8826f4,1.3083524703979492
seg_bb2d77,1.6361751556396484
seg_c106ca,2.649449348449707
seg_42648c,3.486724853515625
seg_1baf33,3.2528676986694336
seg_55239a,1.9017210006713867
seg_f70b66,5.9990949630737305
seg_9f042e,6.442451477050781
seg_355d19,8.814496994018555
seg_17adc0,4.8751726150512695
seg_37608b,5.139065742492676
seg_31631c,5.914551734924316
seg_4e3bd7,1.6586580276489258
seg_d9bb68,6.3384552001953125
seg_80622d,7.871917724609375
seg_5965d8,3.7094621658325195
seg_41aadc,5.220057010650635
seg_1c929e,3.069761276245117
seg_9122aa,2.8571524620056152
seg_2642d0,4.643200874328613
seg_655ad6,7.613864421844482
seg_a16a1b,3.1196532249450684
seg_49fdf0,8.662097930908203
seg_f7050a,2.4195990562438965
seg_df0df7,8.428363800048828
seg_93d864,4.822231769561768
seg_55a9a4,6.410793304443359
seg_d398df,5.066237926483154
seg_ab001b,3.591078281402588
seg_9ae1a1,9.509206771850586
seg_0cf651,1.7334294319152832
seg_0a45a1,0.9090442657470703
seg_287e60,1.823915958404541
seg_28fc32,6.552282333374023
seg_ada42c,4.458925724029541
seg_36147d,1.721236228942871
seg_620ee4,3.430056095123291
seg_81c432,2.810763359069824
seg_7a09ec,5.278295516967773
seg_bce23c,5.650320053100586
seg_517425,2.2923665046691895
seg_e85f55,1.4253568649291992
seg_ad3cf0,3.358562469482422
seg_3ec967,3.955444812774658
seg_061a33,7.212321758270264
seg_ccdc28,1.6392278671264648
seg_75a878,3.7455244064331055
seg_aa98cc,4.123739242553711
seg_268249,7.097214698791504
seg_4a9e8d,7.182026386260986
seg_3ce740,8.597777366638184
seg_4743ab,8.316998481750488
seg_14ad27,1.981325626373291
seg_b917b5,5.826575756072998
seg_075340,2.837568759918213
seg_e8b2b3,6.88862419128418
seg_d702b2,7.262063980102539
seg_460436,8.368114471435547
seg_7c6c31,7.962972640991211
seg_56e3e7,9.549051284790039
seg_ce72e2,3.191786766052246
seg_da21ee,9.106740951538086
seg_d0c8e2,2.9165730476379395
seg_dc6e94,3.3104724884033203
seg_077b7e,5.843073844909668
seg_c9201c,1.2263002395629883
seg_1827c5,9.456290245056152
seg_c81fec,4.9314751625061035
seg_f618a8,8.15321159362793
seg_de225c,9.415868759155273
seg_0bc877,2.931807041168213
seg_032822,3.265733242034912
seg_d356ab,3.4944443702697754
seg_6c292b,6.1356892585754395
seg_6d6fad,2.802058219909668
seg_3a80c5,5.203532695770264
seg_420bcc,4.670460224151611
seg_151368,7.409696102142334
seg_b54024,2.486996650695801
seg_d88da7,8.266712188720703
seg_5a242e,7.124535083770752
seg_5311d1,-0.6769590377807617
seg_4eeaef,2.2544307708740234
seg_a12acb,2.3711624145507812
seg_2e2372,7.081478118896484
seg_d0f262,5.2694830894470215
seg_f0cedb,7.9044904708862305
seg_87f6c8,7.295071601867676
seg_4d5a4a,1.1370115280151367
seg_738be6,2.904930591583252
seg_fbff25,1.784574031829834
seg_20cc25,0.7181673049926758
seg_9c635d,9.164423942565918
seg_e8ad6b,3.5298242568969727
seg_1b08a4,6.33272647857666
seg_ce7537,2.015625
seg_ff7478,6.615942001342773
seg_4fd191,1.5927400588989258
seg_a9f80e,8.043354034423828
seg_2883ec,8.452909469604492
seg_8ce632,3.3563833236694336
seg_d5b100,2.9462385177612305
seg_bf2d1f,9.225929260253906
seg_ac45ae,8.096285820007324
seg_91f664,4.00846529006958
seg_b197e2,3.970231056213379
seg_c21723,3.5313735008239746
seg_29acb7,3.3747825622558594
seg_2c762c,5.259713172912598
seg_739fb0,2.750485897064209
seg_c65135,4.014978408813477
seg_e24496,8.092020034790039
seg_6f2222,3.2717089653015137
seg_7b5f90,5.916092872619629
seg_d9352b,5.6314697265625
seg_9ab405,1.0124683380126953
seg_d5f344,3.5664243698120117
seg_bbf805,4.0412068367004395
seg_6ed49a,8.451887130737305
seg_b7a8a1,5.271073818206787
seg_bfe0b6,9.517175674438477
seg_ef24bd,3.5841407775878906
seg_853302,7.753110408782959
seg_8353f5,8.777180671691895
seg_e65e69,3.687056064605713
seg_709d08,5.567079067230225
seg_006e4a,3.0254058837890625
seg_9d68cf,3.0980610847473145
seg_7e9eb7,9.61313533782959
seg_84fc12,9.340106964111328
seg_66b7c3,7.4183855056762695
seg_651808,2.555542469024658
seg_f2750c,5.5682373046875
seg_efd9ec,9.266192436218262
seg_324537,4.089604377746582
seg_85762d,5.713672637939453
seg_35ee83,3.336118698120117
seg_82d7b6,3.6445460319519043
seg_6b2ce0,5.278920650482178
seg_0445d7,5.15657377243042
seg_d1b91e,6.919044494628906
seg_65f01e,9.196192741394043
seg_115a92,3.4424028396606445
seg_c5c455,0.6192617416381836
seg_5090fa,6.747010231018066
seg_8681aa,8.488231658935547
seg_46c6d3,8.716534614562988
seg_ea096b,9.036272048950195
seg_8dcf3c,8.549331665039062
seg_383f2e,7.029719352722168
seg_ab70bd,6.449591636657715
seg_45e062,9.680761337280273
seg_e14149,5.494643688201904
seg_fea3e2,9.073968887329102
seg_848695,2.9148426055908203
seg_a14212,3.640533924102783
seg_0df75c,9.594378471374512
seg_f11f77,4.876387119293213
seg_fcd32e,6.173561096191406
seg_0cb81b,2.321282386779785
seg_d11ca8,8.904932975769043
seg_210388,5.078719139099121
seg_18f633,2.1624364852905273
seg_c6c29f,3.4808096885681152
seg_0870ab,4.299482822418213
seg_6fc8b3,6.414484977722168
seg_fbce13,1.5113277435302734
seg_d3f967,3.959836959838867
seg_d36681,8.189170837402344
seg_59818b,5.860099792480469
seg_41ab7e,7.0193963050842285
seg_932828,9.116543769836426
seg_f60872,6.190335273742676
seg_acf2f4,8.503063201904297
seg_29e799,5.968138694763184
seg_60b696,3.4788427352905273
seg_ea8270,9.260685920715332
seg_0df469,2.073866844177246
seg_f9eea3,5.683844566345215
seg_3f3983,5.731369972229004
seg_407b2b,4.213795185089111
seg_c35940,2.7379984855651855
seg_43383f,3.8371663093566895
seg_3a1600,3.648378849029541
seg_bd2b0c,3.8086133003234863
seg_7efdd5,7.188666343688965
seg_3d06cc,4.980859756469727
seg_f579ba,2.2326712608337402
seg_33c30d,2.1342716217041016
seg_89885a,3.5488719940185547
seg_5255c0,7.320633888244629
seg_15bf25,6.912380218505859
seg_e5750a,9.330606460571289
seg_5f0a92,4.0437541007995605
seg_184222,4.540273666381836
seg_a39f3b,6.939699172973633
seg_b0d251,6.3705902099609375
seg_264c7d,8.038331985473633
seg_72858d,3.421236991882324
seg_0a1bd0,4.794402599334717
seg_e86ed1,9.400182723999023
seg_238242,7.299997806549072
seg_759fb1,5.750064849853516
seg_e54932,7.759667873382568
seg_8d6578,2.873806953430176
seg_da80c4,7.950896739959717
seg_b52710,3.91117000579834
seg_d146a6,2.5835423469543457
seg_2a0afc,4.699793338775635
seg_31ddc5,8.61945915222168
seg_f6cfd4,7.409103870391846
seg_259dd3,8.822439193725586
seg_b3d886,3.487414836883545
seg_7d17eb,9.073535919189453
seg_5b392b,1.703193187713623
seg_5559d9,1.8761825561523438
seg_73565e,2.8540048599243164
seg_ee4479,2.3869967460632324
seg_0e9bb3,4.749642848968506
seg_a802fa,8.51075267791748
seg_9a1c76,2.742910861968994
seg_b853f8,5.8881378173828125
seg_342ce6,8.598478317260742
seg_fdd50e,-1.507950782775879
seg_d36342,8.12469482421875
seg_ca67ee,4.02981424331665
seg_6c34c2,2.515554428100586
seg_944c98,1.8058838844299316
seg_5e635a,3.2462782859802246
seg_5495ca,2.4903674125671387
seg_607559,7.010983467102051
seg_63c13d,4.4153218269348145
seg_f88d4a,3.6635003089904785
seg_13468a,4.029955863952637
seg_c607eb,0.16945838928222656
seg_3fdae0,5.458883285522461
seg_c20c06,0.8625402450561523
seg_2642d4,4.671217918395996
seg_62331a,4.021214485168457
seg_38001b,2.76865291595459
seg_73ab4a,2.9496517181396484
seg_ae3388,6.689722061157227
seg_90ec68,8.949091911315918
seg_dcf242,5.515952110290527
seg_d07ce8,9.475552558898926
seg_e29670,2.7720818519592285
seg_e8ce6a,2.6569700241088867
seg_5ed47e,9.350046157836914
seg_6f3d90,5.491390228271484
seg_07fc6d,7.459198474884033
seg_5fe414,2.65974760055542
seg_f3063a,5.907789707183838
seg_3b95dc,2.768655300140381
seg_596ae3,6.186455726623535
seg_72aba8,4.090014934539795
seg_b4c040,2.2518396377563477
seg_2977cd,3.7282214164733887
seg_e1f081,8.775444984436035
seg_9d2528,4.3415141105651855
seg_f679c6,7.848115921020508
seg_545fda,7.9422783851623535
seg_ee87e2,2.0634145736694336
seg_cff594,1.8110623359680176
seg_cd2b53,1.3742799758911133
seg_dd8805,6.539446830749512
seg_430e66,6.74835205078125
seg_a8685e,7.237817764282227
seg_1d044c,4.920378684997559
seg_91bf8c,1.6508369445800781
seg_67aa76,5.575023174285889
seg_74fcfc,9.278775215148926
seg_3bfcf6,5.335010051727295
seg_c9481f,5.937909126281738
seg_8bf229,7.188351631164551
seg_ee2781,8.817038536071777
seg_6df48e,9.018061637878418
seg_392019,5.2153401374816895
seg_32906d,2.2301998138427734
seg_ec73d5,2.8637261390686035
seg_476700,3.5338234901428223
seg_9a812d,3.7338814735412598
seg_6dd0fc,3.841128349304199
seg_fa9f00,4.0370988845825195
seg_bcf2d9,5.0680108070373535
seg_a133bc,4.579874038696289
seg_6f650f,9.64404582977295
seg_54b0ee,7.3869404792785645
seg_e405fe,2.291677951812744
seg_7f9b3a,5.406310081481934
seg_c5f986,3.222426414489746
seg_482745,4.59537410736084
seg_41be18,8.486592292785645
seg_cd352f,9.093177795410156
seg_f8dd7e,4.77657413482666
seg_efbf3e,5.785862922668457
seg_b8725b,1.5279006958007812
seg_d78e7d,1.1428442001342773
seg_6edcb8,6.196220397949219
seg_3865bc,3.149270534515381
seg_854d91,9.0641450881958
seg_a543e5,8.512258529663086
seg_4e2c66,2.109622001647949
seg_f1a771,3.361766815185547
seg_9d7490,4.667561054229736
seg_f67ce2,1.2421646118164062
seg_931244,9.298824310302734
seg_ea4d3a,7.479700088500977
seg_e98217,0.920018196105957
seg_a39ebc,2.9476284980773926
seg_b853c1,7.814726829528809
seg_2d92f0,9.240832328796387
seg_30661b,2.9006285667419434
seg_1e0523,2.7445974349975586
seg_9b0439,5.829363822937012
seg_df352f,2.7490272521972656
seg_61f504,2.6066837310791016
seg_4dbbd1,7.036462783813477
seg_be4612,8.894594192504883
seg_53498a,3.38040828704834
seg_f1b916,1.7277469635009766
seg_5009d9,2.964383125305176
seg_db90c0,3.2807793617248535
seg_42e7e8,4.752060890197754
seg_0125d9,4.639891624450684
seg_2e71dd,2.806962490081787
seg_25e76d,3.7649731636047363
seg_d962cc,9.6697998046875
seg_d4dec8,6.931713581085205
seg_93f935,3.3258180618286133
seg_27f532,9.01876449584961
seg_1815fe,8.801092147827148
seg_d2db6b,4.69675350189209
seg_d328bb,3.553129196166992
seg_5e1bba,5.5449371337890625
seg_c05a7d,9.009904861450195
seg_8777bd,9.075235366821289
seg_a1b3cc,2.834357261657715
seg_b8bb87,9.5523042678833
seg_2b372b,3.4351773262023926
seg_cf5764,8.175143241882324
seg_dceeca,1.6941938400268555
seg_d661ce,2.381639003753662
seg_3b7724,9.241564750671387
seg_0488a1,7.788326740264893
seg_7c2c48,1.3735523223876953
seg_a1d8da,6.3754448890686035
seg_b9619c,5.615109920501709
seg_961d02,3.3549742698669434
seg_e3e762,8.004862785339355
seg_755d50,2.705936908721924
seg_24458d,4.657456398010254
seg_885f53,7.093034267425537
seg_ffe7cc,8.818449020385742
seg_c588c1,8.922347068786621
seg_241266,2.0940966606140137
seg_f96d5a,6.139976501464844
seg_29475f,3.605909824371338
seg_eb2e11,6.265008926391602
seg_ecf81b,8.184920310974121
seg_66ed4d,2.7129721641540527
seg_7b2994,4.224724769592285
seg_abaad2,8.454170227050781
seg_00648a,3.234600067138672
seg_37bf85,2.058485507965088
seg_9a74d8,4.8853912353515625
seg_0d663a,8.666668891906738
seg_e53a52,3.6344103813171387
seg_4ce234,5.734566688537598
seg_f7290f,3.7220616340637207
seg_9dea8d,5.965158462524414
seg_30da11,2.196526527404785
seg_bee792,5.602603435516357
seg_f7de40,8.889249801635742
seg_41f45e,8.053065299987793
seg_8bde47,8.772383689880371
seg_89b090,1.003274917602539
seg_5ec0e3,8.743769645690918
seg_2018c8,9.286222457885742
seg_47d374,3.1658105850219727
seg_b9de03,3.4424386024475098
seg_afd665,5.035643100738525
seg_32ad0f,8.76270580291748
seg_5ef47e,5.62761116027832
seg_fe86f5,4.787135124206543
seg_5bd9ae,4.126318454742432
seg_ef27c8,1.7872939109802246
seg_2f86cd,-2.0914134979248047
seg_01c775,8.65618896484375
seg_88a81d,3.1088500022888184
seg_d6dad6,5.697566509246826
seg_9f4fd4,9.1282958984375
seg_ee1cfc,2.6880555152893066
seg_f2a20d,2.0855894088745117
seg_ae9626,1.8707432746887207
seg_5c57a8,-0.9544792175292969
seg_986b6e,9.402800559997559
seg_25cca7,8.42777156829834
seg_92bd37,5.507458686828613
seg_43c6f4,7.683089733123779
seg_64f8dc,3.8053669929504395
seg_d85e2e,5.090817928314209
seg_f6f683,5.067857265472412
seg_9626a4,0.9696378707885742
seg_f322b1,5.495771408081055
seg_8cf573,5.363513946533203
seg_59d484,4.515955924987793
seg_6de4fd,8.972053527832031
seg_8f592b,9.27799129486084
seg_b52dac,3.7927846908569336
seg_75654d,3.1561179161071777
seg_d31583,9.09205150604248
seg_bf1430,5.018004417419434
seg_af703b,9.420487403869629
seg_29a073,3.905325412750244
seg_e24f69,4.677752494812012
seg_727fc7,3.5271787643432617
seg_d1045e,9.21989631652832
seg_59058a,2.537630081176758
seg_2be983,9.662518501281738
seg_c11828,1.1273078918457031
seg_ead30e,4.262605667114258
seg_2db7dc,4.9811482429504395
seg_e72f10,7.658106803894043
seg_a7e49b,5.615431785583496
seg_9e25e9,4.57875919342041
seg_18096a,5.6384100914001465
seg_3af649,4.8812737464904785
seg_8cdf83,3.0880260467529297
seg_82316b,3.6596813201904297
seg_9e8323,2.4233012199401855
seg_3d1f2e,5.253933906555176
seg_934087,3.575845718383789
seg_ea098b,8.284387588500977
seg_d7967e,8.695650100708008
seg_e3b1f1,6.5452423095703125
seg_e66697,5.464475631713867
seg_c0e1b9,4.486818790435791
seg_e27c0a,2.585714817047119
seg_8d030a,3.2080578804016113
seg_b51380,8.934840202331543
seg_947700,3.2888693809509277
seg_6074f9,3.922682762145996
seg_9a7c46,5.4919304847717285
seg_5a1adb,3.6968483924865723
seg_36b77f,8.951040267944336
seg_abc5fd,7.043527126312256
seg_bb6fcb,5.670736312866211
seg_7b3017,8.737631797790527
seg_4d0041,7.925924777984619
seg_e6b236,7.38810920715332
seg_92a5f1,5.68863582611084
seg_f93ce5,2.451183795928955
seg_b253ee,2.958390712738037
seg_c3836b,3.8714871406555176
seg_d753f8,2.5211987495422363
seg_566efe,9.576595306396484
seg_266d4e,5.092456340789795
seg_ecf28d,5.71687126159668
seg_dcbe02,2.720336437225342
seg_3cba49,6.247822284698486
seg_a39fa8,9.395750999450684
seg_b91011,4.978634834289551
seg_1a671a,2.4128122329711914
seg_83cb2c,1.7834200859069824
seg_69a53e,6.506202697753906
seg_5e0902,3.5322728157043457
seg_7a9f2b,-0.4148387908935547
seg_a247ac,9.212409973144531
seg_1d980f,2.4663920402526855
seg_a6959c,8.143414497375488
seg_7df3dd,5.316410541534424
seg_aba501,1.85652494430542
seg_32e763,2.1273956298828125
seg_aaa2ae,3.0504097938537598
seg_c0ea9f,5.272770404815674
seg_ca6d70,2.501641273498535
seg_1010ad,7.555325031280518
seg_eee89d,2.5482654571533203
seg_1cb942,9.28580093383789
seg_8509db,4.184964179992676
seg_943de0,9.247151374816895
seg_56e6f1,4.626641273498535
seg_b00f05,6.984877586364746
seg_5cde88,1.2231121063232422
seg_0fd3ff,2.7842354774475098
seg_ba5e7e,3.6807751655578613
seg_a6cd86,4.334627151489258
seg_eb692c,9.48772144317627
seg_5a67b5,8.387565612792969
seg_0ebfd9,5.777953147888184
seg_a68ffb,7.620650291442871
seg_aa9b8e,6.706245422363281
seg_670bde,1.7810063362121582
seg_857304,4.031154155731201
seg_f5a4ee,9.523360252380371
seg_8c341c,8.409334182739258
seg_5254ce,7.942265510559082
seg_8344ee,2.9702401161193848
seg_74235f,5.744159698486328
seg_2ea616,3.6146674156188965
seg_e8bcde,2.170609474182129
seg_f4ad4b,3.9184298515319824
seg_2fb672,8.50815200805664
seg_cfed24,2.303903579711914
seg_d7f015,5.704771518707275
seg_45838b,5.4718017578125
seg_311499,2.3758487701416016
seg_16c3a7,1.4689321517944336
seg_ebe36c,5.288688659667969
seg_7bec10,9.152986526489258
seg_373ba6,3.418118953704834
seg_741fc1,7.244808197021484
seg_cc4199,8.879446029663086
seg_ad3a44,1.757171630859375
seg_14c8ce,7.275867462158203
seg_a35c82,7.112051010131836
seg_010eab,5.97782564163208
seg_2a0dc0,8.458816528320312
seg_a8bb2f,4.027067184448242
seg_e5c033,6.458277702331543
seg_146926,8.905874252319336
seg_f639cd,9.287862777709961
seg_24157a,5.12216329574585
seg_db6d5f,5.386807441711426
seg_83f89e,7.7299699783325195
seg_140bc5,4.0761823654174805
seg_c0260d,5.94179630279541
seg_5eb380,2.940338134765625
seg_b284b2,2.5678772926330566
seg_913ffc,4.37968635559082
seg_153d6a,9.501622200012207
seg_97e4a9,9.043493270874023
seg_666056,2.67203950881958
seg_fde86d,7.054790496826172
seg_d668c0,7.448582172393799
seg_1a8f2c,8.769533157348633
seg_fb8af5,2.7142653465270996
seg_b6254c,2.7463912963867188
seg_24c078,6.75511360168457
seg_259d65,1.303802490234375
seg_746d1d,2.696460247039795
seg_272a47,0.2984790802001953
seg_59e1db,7.334861755371094
seg_be0dfa,7.081927299499512
seg_f83d28,3.800426483154297
seg_9802c3,4.806135654449463
seg_ce9f59,3.503478527069092
seg_8a3306,4.320407390594482
seg_0fca83,2.590726375579834
seg_4f5931,9.434399604797363
seg_ddd206,6.592187881469727
seg_179d90,7.853513717651367
seg_d32f8a,5.307778835296631
seg_b89218,8.94321346282959
seg_2bf9dd,7.73836088180542
seg_db694a,4.508113861083984
seg_20b8d0,4.712510585784912
seg_f383fb,3.198883533477783
seg_46012e,8.040034294128418
seg_aa508a,2.0511579513549805
seg_6b0107,5.869929313659668
seg_b36650,4.18853235244751
seg_f7d792,2.886373996734619
seg_b0cf32,9.198959350585938
seg_0c4e31,1.365753173828125
seg_e40d64,7.230875015258789
seg_b80358,8.783679008483887
seg_563059,8.07189655303955
seg_e742dc,9.069328308105469
seg_e09301,2.8551058769226074
seg_bc437b,8.797879219055176
seg_e9e65b,5.481203079223633
seg_ab9654,9.60365104675293
seg_3edf51,3.0097837448120117
seg_6c309f,3.376180648803711
seg_c3f8d7,3.3748955726623535
seg_3f3689,3.319485664367676
seg_9d79d4,3.9630980491638184
seg_2efd5c,8.17877197265625
seg_939f5c,6.358561992645264
seg_5d45db,5.484382629394531
seg_a55540,9.152083396911621
seg_85e90e,8.180338859558105
seg_4e9646,6.78343391418457
seg_d693b0,9.017500877380371
seg_e8ac98,1.6008377075195312
seg_96db5e,3.38961124420166
seg_a4ad7c,9.176362037658691
seg_0c89ce,6.018611907958984
seg_758ca4,2.6615052223205566
seg_c146a8,5.2063422203063965
seg_500c80,6.870915412902832
seg_a35e7c,9.475298881530762
seg_0b07c7,6.011201858520508
seg_1c849d,6.057644367218018
seg_f96d0e,3.427818775177002
seg_3d19fc,2.6820292472839355
seg_eaa0ec,6.5680341720581055
seg_004314,1.0603828430175781
seg_2ee95c,9.47354507446289
seg_218049,2.1985254287719727
seg_2dc6ff,-0.7242021560668945
seg_97ad82,7.6625871658325195
seg_468bc9,9.496600151062012
seg_c70fde,5.709061622619629
seg_259c63,4.382505893707275
seg_9d1dbe,9.43057632446289
seg_9e962b,6.848316192626953
seg_45e4ed,2.6550588607788086
seg_f073e2,4.259820938110352
seg_70a60e,4.85447883605957
seg_b42170,2.995349407196045
seg_9f7542,8.715655326843262
seg_d2ad9a,2.5033531188964844
seg_ca88e3,8.708822250366211
seg_3706be,8.093612670898438
seg_ef644a,5.328176498413086
seg_98c0b6,2.8893775939941406
seg_4fce5b,3.0407462120056152
seg_abb03a,3.8202171325683594
seg_5d92af,6.16363525390625
seg_53e645,5.333129405975342
seg_ea78c0,5.3817315101623535
seg_414d0f,6.402891635894775
seg_29c906,3.7248964309692383
seg_72f40a,7.132361888885498
seg_8bec6f,4.729912757873535
seg_440106,9.333805084228516
seg_b80b89,4.676321983337402
seg_cd9f9b,7.45244026184082
seg_f455bc,9.224369049072266
seg_71238c,9.19308853149414
seg_fa6383,6.744487762451172
seg_3d1cb3,5.976029396057129
seg_2c5e9f,6.320282936096191
seg_4b8044,5.4422149658203125
seg_79c47a,3.4997191429138184
seg_49b0cb,9.387370109558105
seg_683ddf,1.7494277954101562
seg_397dc9,8.556853294372559
seg_b1a35c,8.207925796508789
seg_1a0eca,5.595529079437256
seg_f6d51b,2.2432503700256348
seg_e20d76,3.7682299613952637
seg_fa0ac7,5.30622673034668
seg_abda04,8.769746780395508
seg_1ebe6b,1.9677925109863281
seg_adf986,5.937495231628418
seg_ba2c48,3.68178129196167
seg_fa4df0,3.6138534545898438
seg_4ad674,4.121994972229004
seg_fa34c7,7.9437432289123535
seg_517345,6.008203029632568
seg_eb7f91,5.7042317390441895
seg_abeca6,9.251877784729004
seg_a6e801,2.483462333679199
seg_a69246,9.509054183959961
seg_c243a6,0.49646663665771484
seg_5bfbf0,3.843809127807617
seg_0b32f7,3.760214328765869
seg_71b4e0,2.776723861694336
seg_185ad6,7.853496551513672
seg_e52f8c,4.890676498413086
seg_b8b72f,3.076366901397705
seg_ed7f69,5.132754325866699
seg_25ab3f,4.574781894683838
seg_9825e0,6.337680816650391
seg_b66b87,2.8281679153442383
seg_d2551a,9.546584129333496
seg_05bef4,2.1034603118896484
seg_c12d7d,9.48192310333252
seg_fd19b8,9.059321403503418
seg_3a8a76,2.6610732078552246
seg_ebd77b,9.60350513458252
seg_70edf5,6.652554512023926
seg_e15cb9,6.182864189147949
seg_cec2f2,5.341457366943359
seg_1eae76,4.293995380401611
seg_db3a95,3.4095144271850586
seg_8dfd7a,1.2210016250610352
seg_0e3d44,-0.7952213287353516
seg_ddc800,8.253506660461426
seg_ecdca4,3.7315773963928223
seg_876904,6.607542037963867
seg_a45455,2.917206287384033
seg_49322d,7.064499855041504
seg_8c1cca,3.1866393089294434
seg_8d4435,2.8952269554138184
seg_e13bd8,3.9808244705200195
seg_f3c578,2.451505661010742
seg_718b53,1.9692330360412598
seg_be0cdc,2.5135345458984375
seg_6ac67a,4.044674396514893
seg_17067e,5.5404744148254395
seg_5bdb47,3.382680892944336
seg_868c85,5.908160209655762
seg_8f6284,2.7669739723205566
seg_77fe77,5.2329277992248535
seg_aee9bf,3.0775527954101562
seg_287fef,3.377065658569336
seg_9c8bc8,3.7706551551818848
seg_3631ec,3.544857978820801
seg_b95a77,9.362176895141602
seg_aeeb31,1.6697978973388672
seg_590fa5,5.637317657470703
seg_ca9e39,3.533926486968994
seg_0d6d68,3.9687581062316895
seg_293dbf,2.9469685554504395
seg_2fe382,3.7082834243774414
seg_d320f5,3.894209861755371
seg_0c1d3a,2.963019847869873
seg_961ddf,2.7631053924560547
seg_8328f5,3.857522487640381
seg_91fc29,3.5830821990966797
seg_64bcb9,9.001672744750977
seg_e3cf1a,4.9511823654174805
seg_e1a9e0,9.026498794555664
seg_141f34,9.614041328430176
seg_9c00d7,9.309402465820312
seg_dcfb4b,9.643448829650879
seg_a41c2c,5.778314590454102
seg_5445bc,3.1580138206481934
seg_c27591,3.2774410247802734
seg_b58542,3.4863104820251465
seg_2c69e4,8.375839233398438
seg_ba98dc,2.896402359008789
seg_b87cf5,8.184606552124023
seg_49d84b,5.133371829986572
seg_3f99c8,2.72605037689209
seg_709b6a,8.907157897949219
seg_27ff17,4.264149188995361
seg_de9e32,9.457865715026855
seg_3ae4d9,2.987651824951172
seg_e40348,6.003835678100586
seg_325790,2.790022850036621
seg_67330f,4.320982456207275
seg_7ed2dd,4.149512767791748
seg_fd8add,5.801945686340332
seg_6b9511,7.1267924308776855
seg_263deb,2.5977110862731934
seg_610379,4.045746803283691
seg_086a61,8.982975959777832
seg_1fc7ab,5.013754367828369
seg_30207d,8.605222702026367
seg_0d434c,9.325407981872559
seg_343571,7.496764183044434
seg_54af0d,1.3328285217285156
seg_46b84d,7.088870525360107
seg_2bcbde,9.495339393615723
seg_52636c,1.948561191558838
seg_a31fe3,7.9615044593811035
seg_77dbe7,3.635495185852051
seg_d3f6b0,3.351811408996582
seg_4ae37c,8.14525032043457
seg_f650cc,2.9666709899902344
seg_864fcf,2.1489076614379883
seg_64dcf0,4.5200276374816895
seg_54490e,7.840004920959473
seg_3d581c,1.9163198471069336
seg_1f9aed,5.045299053192139
seg_814b1f,2.2959651947021484
seg_74d8cc,4.519723892211914
seg_6a4ad1,8.758707046508789
seg_c714d0,9.513550758361816
seg_61219c,4.050174236297607
seg_2c6011,4.321565628051758
seg_2099f4,4.873706340789795
seg_ce46ba,3.0103049278259277
seg_1db8e8,9.128652572631836
seg_c4af54,3.973093032836914
seg_dcb51d,3.428962230682373
seg_268625,1.7336974143981934
seg_b3883e,6.578267574310303
seg_514b85,8.957409858703613
seg_fe70c0,7.027858734130859
seg_d71352,9.181412696838379
seg_eba22d,8.873966217041016
seg_71348a,0.636713981628418
seg_2eccb9,2.301079273223877
seg_96cd5d,2.71793794631958
seg_24f338,-0.41533946990966797
seg_2f60db,8.3397216796875
seg_25aa9f,9.415657043457031
seg_0c8502,9.242456436157227
seg_c1fe9a,2.6471757888793945
seg_016cdb,3.7632179260253906
seg_b3cf21,4.4798264503479
seg_158764,6.2841033935546875
seg_922914,5.3899006843566895
seg_2abd33,4.749380588531494
seg_c52ae6,0.2325267791748047
seg_b9361a,4.430917263031006
seg_e197b8,5.217500686645508
seg_cc2e9b,3.829453468322754
seg_7480f4,8.227542877197266
seg_23fe27,8.37730598449707
seg_580b65,6.489565849304199
seg_6b536d,3.9143357276916504
seg_74b3bd,6.1006855964660645
seg_92310f,4.945703029632568
seg_1fa983,3.204751968383789
seg_593c34,3.4634604454040527
seg_c87c24,3.1216039657592773
seg_d47aba,2.064298152923584
seg_5cd98b,2.834517478942871
seg_4adeda,9.042623519897461
seg_a009e6,6.960680961608887
seg_69dbad,6.099882125854492
seg_3bb90a,2.1764369010925293
seg_8fb29e,8.558375358581543
seg_71936f,3.4652857780456543
seg_74d58a,8.634273529052734
seg_00f3b9,2.323577404022217
seg_58e9f9,9.038978576660156
seg_cc667b,5.031205177307129
seg_a1edc1,2.919975757598877
seg_0620e6,6.204110145568848
seg_311b5e,2.56976318359375
seg_091c9d,8.79881763458252
seg_8472f3,9.407546043395996
seg_c18d5a,4.437018394470215
seg_046c28,3.2069578170776367
seg_4b4c91,8.049581527709961
seg_4a2525,9.127877235412598
seg_827804,3.4960684776306152
seg_8ebdea,8.898969650268555
seg_f6e1ca,1.9374055862426758
seg_786ff6,6.536943435668945
seg_bb171f,7.589221000671387
seg_e0c329,2.955319881439209
seg_c07b7c,4.303995609283447
seg_05e0d7,4.520627975463867
seg_1a791c,4.2146220207214355
seg_e86f77,1.1854801177978516
seg_d6b386,8.680059432983398
seg_4d18f4,1.4308013916015625
seg_10f3a6,3.209537982940674
seg_a47cce,8.307233810424805
seg_06d7ba,3.5073328018188477
seg_902074,6.649710655212402
seg_b6c10d,6.1666412353515625
seg_99ccbd,1.7270054817199707
seg_774ad2,2.4069809913635254
seg_cee7d0,8.552331924438477
seg_f71db8,6.455202579498291
seg_35ba8f,9.240697860717773
seg_9485c0,2.3267860412597656
seg_650de2,3.5291614532470703
seg_9bab11,9.587560653686523
seg_0d04b9,3.675384521484375
seg_5e8ef4,6.822032928466797
seg_c73df6,3.106424331665039
seg_d21eb6,7.423101425170898
seg_739856,9.191368103027344
seg_65ef95,3.0753488540649414
seg_4c067a,3.8263025283813477
seg_1e0b82,8.245469093322754
seg_81a8ea,8.41667366027832
seg_f0d278,2.5132880210876465
seg_4e627b,3.0385470390319824
seg_72ebda,6.345345497131348
seg_21faa9,9.55531120300293
seg_279725,9.53512954711914
seg_6eedcc,7.869510650634766
seg_1c401b,7.534661293029785
seg_a2d47d,4.6975226402282715
seg_f43ab6,1.1854257583618164
seg_4d0c45,6.185405731201172
seg_112b81,4.94946813583374
seg_3f80ef,4.432032108306885
seg_6681ee,1.2033824920654297
seg_b20487,9.200648307800293
seg_428d66,3.60050106048584
seg_581fac,3.0040054321289062
seg_b44c2e,7.9553375244140625
seg_ca407b,4.821214199066162
seg_f48db9,4.713179588317871
seg_91f512,2.940924644470215
seg_9b7f93,3.361619472503662
seg_aa1adf,3.2354674339294434
seg_0d540e,2.158048152923584
seg_dc188b,5.535869121551514
seg_168d1c,7.4789042472839355
seg_5a947e,4.179638385772705
seg_3340b9,4.496487140655518
seg_8599ec,2.7532525062561035
seg_0fc67a,9.308860778808594
seg_9fc7c2,2.195148468017578
seg_b13fb9,5.934661865234375
seg_c3507f,5.872391223907471
seg_bdae02,9.480134963989258
seg_e64dfa,5.035323619842529
seg_073696,8.795021057128906
seg_5165a4,6.974072456359863
seg_10a595,4.942182540893555
seg_423ebe,4.373927116394043
seg_0c247b,6.285067558288574
seg_b7da0a,2.9075841903686523
seg_83ef67,8.738412857055664
seg_d30a9d,2.0516929626464844
seg_a00985,6.123878002166748
seg_9dcae1,4.923819065093994
seg_7d2e57,7.028295040130615
seg_a5fbcc,3.542304039001465
seg_e6307f,8.397875785827637
seg_d740b2,9.08596420288086
seg_f6659e,2.6048998832702637
seg_60277f,3.847862720489502
seg_7bf143,2.2398319244384766
seg_7d88e3,8.75977897644043
seg_d83890,3.1177549362182617
seg_500108,3.4123735427856445
seg_fb9b2e,6.882269859313965
seg_e0f296,7.197449684143066
seg_8d6a7d,3.898232936859131
seg_c58ca5,5.034427165985107
seg_e9aa44,9.4658203125
seg_9a81a3,5.619238376617432
seg_9caf50,8.995648384094238
seg_ef779d,5.066680431365967
seg_bf4bf2,1.5338449478149414
seg_d0f803,3.312699317932129
seg_dd699c,0.3503580093383789
seg_d41daa,8.36027717590332
seg_53a557,4.076283931732178
seg_b9bdd7,3.3221497535705566
seg_f52cdc,8.90703296661377
seg_9ddc99,4.469020366668701
seg_ab3f14,7.371703147888184
seg_91607c,2.99212646484375
seg_9c090f,2.390202045440674
seg_bd629b,4.8705244064331055
seg_398a25,4.96812629699707
seg_561cf4,1.0118999481201172
seg_293dc2,2.6526904106140137
seg_f66db1,7.540152072906494
seg_f5d2dd,9.384093284606934
seg_1f5240,2.4780397415161133
seg_fd6340,3.347294330596924
seg_e05de2,3.212224006652832
seg_d90c5f,3.3337721824645996
seg_4dfa03,2.7844886779785156
seg_06d4a2,3.1134157180786133
seg_e3dafa,9.630295753479004
seg_75cd6a,3.1130504608154297
seg_4d7c56,3.948118209838867
seg_d3992e,9.457324981689453
seg_919c5c,2.795746326446533
seg_d91492,6.96454381942749
seg_85c1c0,3.3736376762390137
seg_915b3e,3.089534282684326
seg_8e5704,8.258551597595215
seg_170a0c,8.735419273376465
seg_0b76f5,8.686634063720703
seg_f639ec,4.795928478240967
seg_d56d32,8.114566802978516
seg_edecaa,4.5579142570495605
seg_dcee28,4.572916507720947
seg_979a8f,3.1751255989074707
seg_09ed4e,9.636367797851562
seg_652cc2,4.630456447601318
seg_673c60,2.3345561027526855
seg_5cfdc4,4.079899311065674
seg_eb0b19,8.759931564331055
seg_229eda,6.124181747436523
seg_274a1a,5.06596040725708
seg_d795ab,7.256535053253174
seg_3761d0,1.5232105255126953
seg_65b962,3.8299479484558105
seg_24ba8d,2.721304416656494
seg_a420d4,3.439781665802002
seg_6f60b2,4.086254596710205
seg_162fc4,6.790444374084473
seg_95f45e,7.7079901695251465
seg_b50239,2.0969929695129395
seg_41a267,9.122852325439453
seg_53d818,2.873201370239258
seg_049957,9.307356834411621
seg_98f624,9.013614654541016
seg_070bb0,2.756531238555908
seg_64be5d,9.214933395385742
seg_9ad925,8.634523391723633
seg_11860f,6.016861915588379
seg_247262,4.550172328948975
seg_f57ca1,9.588971138000488
seg_30fd84,9.148924827575684
seg_fbe3c2,4.9751973152160645
seg_f0181d,2.6562933921813965
seg_8c1760,7.484063625335693
seg_cc7a19,2.537700653076172
seg_a1a511,1.6351985931396484
seg_d1a8b3,2.5259909629821777
seg_afa4a1,7.714267730712891
seg_32f3a9,5.379042625427246
seg_fde767,4.972497463226318
seg_6a116b,5.448263168334961
seg_d16534,7.6264190673828125
seg_a99be9,9.537590026855469
seg_546864,9.259675979614258
seg_aee7c0,8.087496757507324
seg_d07c62,3.551365852355957
seg_fb9491,4.3046135902404785
seg_30b043,3.3826770782470703
seg_61b50d,3.0342187881469727
seg_76106f,9.307326316833496
seg_7fac26,9.141759872436523
seg_37669c,2.0260767936706543
seg_04a696,7.745167255401611
seg_447b8b,8.464202880859375
seg_f6bae8,5.188905239105225
seg_35b009,2.8492536544799805
seg_5f7fd9,4.09535551071167
seg_74f330,0.9652910232543945
seg_0b4b24,3.008070468902588
seg_2b6d52,8.680180549621582
seg_d40bb2,9.337319374084473
seg_6e12ae,4.413694858551025
seg_ce5832,3.008025646209717
seg_d62e9c,3.2270898818969727
seg_79dc90,6.83049201965332
seg_c8459f,8.184167861938477
seg_80211c,9.056175231933594
seg_739643,7.5176591873168945
seg_8aeb99,8.261363983154297
seg_afca81,2.7495436668395996
seg_507065,3.761263370513916
seg_00c35b,7.863122940063477
seg_dab0f9,5.040850639343262
seg_ac68bb,1.1182470321655273
seg_5e541f,0.9918155670166016
seg_a82229,8.364617347717285
seg_5407b0,2.809352397918701
seg_cb0e21,8.856505393981934
seg_bd4d30,5.577004432678223
seg_4b953a,2.0714855194091797
seg_f342a3,3.7190146446228027
seg_170684,8.974099159240723
seg_585872,8.601304054260254
seg_1d11e5,2.6648011207580566
seg_063865,6.096551895141602
seg_7c10c1,3.4308981895446777
seg_3234ca,3.042341709136963
seg_38ee24,6.445597171783447
seg_0ba585,2.6854844093322754
seg_f6f523,2.18222713470459
seg_74537f,5.270871162414551
seg_b03de5,9.294108390808105
seg_de98fa,3.0454154014587402
seg_914a62,2.5621962547302246
seg_41be7d,6.477167129516602
seg_bce305,4.183061122894287
seg_c047b7,4.609314918518066
seg_9a92db,4.082968711853027
seg_14d1d3,4.375914573669434
seg_2a8351,3.4044885635375977
seg_76e914,3.118027687072754
seg_511d25,7.686046600341797
seg_686edc,5.693292617797852
seg_b947ae,3.933389186859131
seg_ed7741,9.265771865844727
seg_1201e8,2.3283138275146484
seg_d19980,7.771657943725586
seg_16a270,6.869399070739746
seg_0012b5,5.292965888977051
seg_762be4,4.543276786804199
seg_1084af,4.396219730377197
seg_a1acb2,5.024518013000488
seg_655780,2.4353833198547363
seg_91eaeb,4.270011901855469
seg_1b2298,8.234244346618652
seg_9bd388,5.815399169921875
seg_e50f16,9.310053825378418
seg_75438e,5.237729549407959
seg_e2b8b1,9.000487327575684
seg_58d52d,9.06460189819336
seg_5e7abf,2.7118964195251465
seg_a0646a,0.9183692932128906
seg_e71dda,5.186638355255127
seg_572172,5.700013637542725
seg_edda79,5.989077568054199
seg_9e7dff,2.401854991912842
seg_6d4fa6,4.612255096435547
seg_98c44d,2.168544292449951
seg_66820a,2.3916940689086914
seg_4abc29,1.2526435852050781
seg_c5256d,6.316039085388184
seg_f86c41,4.242591381072998
seg_f97274,3.8196773529052734
seg_0e7cc5,6.836101055145264
seg_b35174,1.7692184448242188
seg_77ea14,3.9383530616760254
seg_85fb0a,1.8694148063659668
seg_18d307,1.3478126525878906
seg_78addc,8.330414772033691
seg_679dd2,7.537795066833496
seg_284923,9.538005828857422
seg_4cb0d7,4.311705589294434
seg_62c582,3.190162181854248
seg_7d65c7,8.204232215881348
seg_8be76c,-0.35947608947753906
seg_0c74cf,0.6692924499511719
seg_025e78,3.9300589561462402
seg_a86231,3.617283344268799
seg_1f1e60,8.997476577758789
seg_b6bdaa,6.37749719619751
seg_e051bc,4.578693389892578
seg_f22163,9.462682723999023
seg_d78093,3.9186840057373047
seg_31b808,6.297998428344727
seg_12ac20,9.60533618927002
seg_115617,3.651764392852783
seg_093a0a,7.702554702758789
seg_3c8545,2.1698975563049316
seg_c0d7da,2.8695735931396484
seg_6e5a38,1.4476938247680664
seg_263fb3,0.3066244125366211
seg_f865be,2.6007843017578125
seg_49336f,2.08009672164917
seg_27a282,4.6122355461120605
seg_fcb7d0,9.447675704956055
seg_304df5,7.694343566894531
seg_00184e,5.571332931518555
seg_dca2c2,9.294707298278809
seg_3151ff,4.831123352050781
seg_eefd4a,3.2449235916137695
seg_f48363,3.147754192352295
seg_616c8b,9.399660110473633
seg_5765b6,6.484457969665527
seg_490d6e,5.042047500610352
seg_ff4236,3.7599363327026367
seg_20d9de,9.012258529663086
seg_1ae362,7.633587837219238
seg_bd6f5f,8.626233100891113
seg_123dd4,8.65447998046875
seg_b2b331,2.92803955078125
seg_530a02,8.824175834655762
seg_4b4ffb,2.9736714363098145
seg_462c1d,6.264147758483887
seg_e5b510,2.9931020736694336
seg_b686e5,-1.937723159790039
seg_b26368,2.7925615310668945
seg_6fb17f,5.276350498199463
seg_659ff8,3.9662466049194336
seg_4a719c,5.076306343078613
seg_31064b,1.1311283111572266
seg_23f823,3.8172411918640137
seg_457234,9.44802474975586
seg_0d0250,1.803969383239746
seg_ba4ea3,9.46828556060791
seg_a25c46,2.566619396209717
seg_e86e44,4.15897798538208
seg_a2986f,6.305010795593262
seg_00be11,1.7110629081726074
seg_74dda9,6.428379058837891
seg_a1e5b0,7.618835926055908
seg_b7eeb6,6.45172119140625
seg_6be48e,1.812523365020752
seg_836ef0,3.030897617340088
seg_79e301,1.8442249298095703
seg_f5e682,1.3022327423095703
seg_0be6ee,3.1187334060668945
seg_b91ae2,3.447775363922119
seg_d44589,4.593227863311768
seg_ebb79f,4.797302722930908
seg_c24946,3.853292942047119
seg_2d7cc4,3.3145394325256348
seg_136695,8.516494750976562
seg_d1a2b9,1.6828484535217285
seg_8fb828,8.837491989135742
seg_f01368,5.236469745635986
seg_35b753,3.836116313934326
seg_7f93b2,3.2713804244995117
seg_ad949a,2.8361077308654785
seg_bcc8f1,6.851675987243652
seg_fe73b1,8.910324096679688
seg_c26fb4,3.247004985809326
seg_66e45a,5.505682468414307
seg_0e3739,3.2124552726745605
seg_43597f,2.8162155151367188
seg_86892f,4.499520301818848
seg_d1eee8,9.514137268066406
seg_5e70a7,8.426046371459961
seg_a674d2,8.021236419677734
seg_2d5544,4.085892677307129
seg_e59dca,7.671553134918213
seg_9e8ca4,8.399341583251953
seg_2b2cb3,6.794554710388184
seg_32c904,8.896554946899414
seg_a0979e,7.469799041748047
seg_7949da,0.3588714599609375
seg_919a6a,0.4267396926879883
seg_5470ca,3.1245503425598145
seg_27de37,5.790631294250488
seg_6d01a3,8.314359664916992
seg_d4c763,4.44982385635376
seg_376908,1.2735671997070312
seg_ce00bb,4.67418909072876
seg_7d2535,2.2804136276245117
seg_7cb417,2.941739559173584
seg_97d9ed,8.20524787902832
seg_af2472,2.0948567390441895
seg_cb806c,4.460628509521484
seg_c17817,2.0223069190979004
seg_e877a5,4.982259750366211
seg_53caf1,7.137913227081299
seg_9c2843,1.3394279479980469
seg_f30f0c,7.962042808532715
seg_a4208a,4.602630138397217
seg_3d059a,2.6907501220703125
seg_268956,3.565459728240967
seg_4ab7bf,9.468080520629883
seg_4ca6de,5.656035900115967
seg_89f975,4.377322196960449
seg_6a05e7,3.102806568145752
seg_2f5695,3.0132837295532227
seg_509d55,3.6855974197387695
seg_0f565c,3.567038059234619
seg_661629,3.031040668487549
seg_32f72d,4.797684669494629
seg_655cae,4.213917255401611
seg_f61b0e,5.6430344581604
seg_08b136,7.718297481536865
seg_dcd9df,2.357937812805176
seg_512b3e,8.585783004760742
seg_c90be5,9.20222282409668
seg_fe5945,3.807504653930664
seg_3f5be6,3.5247464179992676
seg_03d63e,3.90376615524292
seg_ba83da,4.096750736236572
seg_75c34b,3.930140495300293
seg_691a72,6.308653831481934
seg_2367fb,7.673061370849609
seg_715ff6,7.763913154602051
seg_b9365c,1.6822566986083984
seg_78ded2,2.3508591651916504
seg_2d427f,3.431617259979248
seg_bbfd4e,9.354637145996094
seg_74ce61,8.616647720336914
seg_76b76f,9.45181941986084
seg_3b95d2,9.445537567138672
seg_db3446,6.798569679260254
seg_84b9d9,2.9677467346191406
seg_a03e6a,3.2323899269104004
seg_91cff2,1.3109025955200195
seg_c565bd,4.488463878631592
seg_3d6aac,7.124294281005859
seg_195eda,4.641306400299072
seg_95b321,2.958115577697754
seg_6968c8,3.3042311668395996
seg_ae32a6,5.204366207122803
seg_f165f6,1.3046646118164062
seg_633651,4.887799263000488
seg_983778,9.16651725769043
seg_c671f7,6.496941566467285
seg_dc7e0d,3.5952038764953613
seg_b687fc,2.724576473236084
seg_f46cc1,2.5264692306518555
seg_9c3d6a,8.65110969543457
seg_96642e,2.542935371398926
seg_eca2eb,4.449738502502441
seg_de3d5e,2.124906539916992
seg_5e668a,8.784177780151367
seg_464839,4.983567237854004
seg_c550b1,9.12999439239502
seg_4729a7,3.8467860221862793
seg_d062a6,9.527621269226074
seg_634f05,3.134113311767578
seg_75e669,1.3242120742797852
seg_8be2da,6.29509973526001
seg_50a667,1.8714675903320312
seg_9f6315,3.8097729682922363
seg_266c6e,4.940998554229736
seg_2ed79b,4.991445064544678
seg_23bdf9,5.578914165496826
seg_9a9041,5.959963798522949
seg_ddddf0,2.531491279602051
seg_87a67a,4.612848281860352
seg_c5fc3b,8.809617042541504
seg_1e61d6,0.22174930572509766
seg_7012af,9.495522499084473
seg_57b6c0,4.263124465942383
seg_c08d36,4.852530479431152
seg_a06228,5.61578369140625
seg_b2e045,3.976346015930176
seg_9757ac,9.086366653442383
seg_adf94a,1.7324552536010742
seg_ef660a,8.384428024291992
seg_7cef95,6.7898640632629395
seg_7fa6ec,0.30278491973876953
seg_750e7e,8.001176834106445
seg_cc2c46,5.297689914703369
seg_b64c9c,8.294503211975098
seg_c747ad,9.327427864074707
seg_82c138,6.361863136291504
seg_0b9ba3,8.9739351272583
seg_a86a05,6.895390510559082
seg_4ba3d1,8.313325881958008
seg_afadfb,5.9560699462890625
seg_ca8389,2.8214497566223145
seg_214492,0.9199495315551758
seg_ed7dee,4.979857921600342
seg_e2209b,4.536500930786133
seg_07f37c,3.1819920539855957
seg_2a0ace,8.903700828552246
seg_e8a2c4,4.3019843101501465
seg_a7561c,2.583425521850586
seg_2f9581,3.607417583465576
seg_dc73b8,1.6672611236572266
seg_4db886,8.213709831237793
seg_b72413,8.183582305908203
seg_425462,2.6363110542297363
seg_03d386,-0.15819358825683594
seg_9d3013,8.567649841308594
seg_a31d6e,7.013402462005615
seg_68102c,9.230463027954102
seg_d8014d,5.164137840270996
seg_d56ae2,6.948663234710693
seg_180481,5.784411430358887
seg_065588,2.695737361907959
seg_c10a58,8.734065055847168
seg_695380,2.3926491737365723
seg_cea185,2.638458251953125
seg_97a161,5.103674411773682
seg_6cfb76,3.1734962463378906
seg_fa488e,1.2932357788085938
seg_a173d8,2.8214893341064453
seg_cdadb5,8.684104919433594
seg_8bc20c,-0.3047142028808594
seg_204dc6,3.004471778869629
seg_3878d0,1.8890485763549805
seg_af959f,8.061165809631348
seg_d2f588,8.829294204711914
seg_8dd3ba,3.3038463592529297
seg_35c587,1.9419488906860352
seg_6f9a98,5.752126693725586
seg_1da819,2.078516960144043
seg_9a6025,5.1028923988342285
seg_07c815,2.9753408432006836
seg_35a2d7,9.159662246704102
seg_be62ef,7.101344108581543
seg_ac9de5,2.1566410064697266
seg_9a43ef,8.348394393920898
seg_5c8ae5,4.688629150390625
seg_0536c9,3.176210880279541
seg_017314,7.172354221343994
seg_5f24d3,8.358169555664062
seg_2f1664,6.570457458496094
seg_c7a401,4.017772197723389
seg_830cff,4.202550411224365
seg_339f80,6.452600479125977
seg_2d402d,2.847060203552246
seg_4ad5a2,6.713801383972168
seg_4f48b4,1.5406579971313477
seg_08f441,3.9563989639282227
seg_c6f9c2,2.9564785957336426
seg_77f9e3,1.7974724769592285
seg_8a8220,6.617681503295898
seg_53103b,2.339174747467041
seg_05a1b0,4.5880913734436035
seg_cf0e43,5.545523166656494
seg_96dab2,8.394094467163086
seg_735cdd,3.0223841667175293
seg_4848e3,4.7356719970703125
seg_20e9ad,3.0325775146484375
seg_d37b05,6.520705223083496
seg_77df38,6.490777969360352
seg_2cadc0,5.989274024963379
seg_2dcd3a,2.919590473175049
seg_15adff,3.0046944618225098
seg_578e84,8.96770191192627
seg_75e93c,2.363922595977783
seg_9b44d2,9.520665168762207
seg_8fd465,1.3145103454589844
seg_0775a7,2.513423442840576
seg_14f5f0,8.040711402893066
seg_5f355e,6.9032392501831055
seg_e37b8e,6.411740303039551
seg_8785e2,5.300169467926025
seg_762188,9.642939567565918
seg_b86ce1,3.870757579803467
seg_32d747,4.034041881561279
seg_8b39c4,7.6355180740356445
seg_d0c280,0.8428277969360352
seg_e25aca,4.5125274658203125
seg_81f798,1.2319469451904297
seg_cedf3e,8.67099380493164
seg_2313d1,4.828469753265381
seg_635770,8.188627243041992
seg_7aeca4,7.587250709533691
seg_b02e31,8.946036338806152
seg_03f380,2.23537015914917
seg_3bc9ed,5.135860443115234
seg_e92526,3.426180839538574
seg_760d70,2.8551487922668457
seg_826208,5.3972625732421875
seg_00030f,3.502255439758301
seg_e3d751,-1.3980464935302734
seg_cc4932,8.925740242004395
seg_78fc4b,7.2820916175842285
seg_a84c13,4.675848007202148
seg_cf3825,1.2324533462524414
seg_b9ec4b,3.0137553215026855
seg_18fb65,0.9294538497924805
seg_d9ce67,2.2043042182922363
seg_cbfb19,5.99443244934082
seg_743775,6.882207870483398
seg_4d0008,3.905144691467285
seg_6dfab7,3.571226119995117
seg_148698,7.570701599121094
seg_14c435,1.4616708755493164
seg_34abd2,2.1447300910949707
seg_003339,9.114357948303223
seg_b89e47,1.702040672302246
seg_70e891,4.570949077606201
seg_ab2a78,1.514449119567871
seg_bf58ce,6.672930717468262
seg_f11620,4.31305456161499
seg_1ece48,1.4658966064453125
seg_94aa0a,5.484878063201904
seg_47fed6,7.078986167907715
seg_ff79d9,0.7751045227050781
seg_2e917f,3.644136428833008
seg_e0cfd4,4.788106441497803
seg_d508db,4.496463298797607
seg_3cbccf,3.1086578369140625
seg_166f70,9.509232521057129
seg_004ee5,4.251043796539307
seg_55d50b,2.7233071327209473
seg_64be91,8.638644218444824
seg_0981f3,2.932819366455078
seg_7c0376,2.1438512802124023
seg_9f12c6,3.2732672691345215
seg_05b66a,8.99820613861084
seg_355717,2.742612361907959
seg_c267a5,3.741685390472412
seg_bd40f2,8.93451976776123
seg_3065ba,4.249332427978516
seg_a5271e,3.4149012565612793
seg_7c2beb,7.825479984283447
seg_29d4c6,9.255180358886719
seg_90ef18,9.463476181030273
seg_421a96,5.148740291595459
seg_19b9dd,6.648151874542236
seg_6262c4,6.726777076721191
seg_5887a8,8.73153305053711
seg_ceab44,6.0728912353515625
seg_14c89d,4.528846263885498
seg_37f3fb,3.3376688957214355
seg_5f46a5,8.976693153381348
seg_68da94,3.2729992866516113
seg_8200d2,2.5707497596740723
seg_a93a88,7.810269355773926
seg_fdba93,3.026308059692383
seg_abb06a,5.236938953399658
seg_e90c0d,4.206900596618652
seg_bd5022,2.4524741172790527
seg_63582a,9.649816513061523
seg_6a45a0,2.544243335723877
seg_f003ca,6.813962459564209
seg_0c12cc,7.406991481781006
seg_5467c8,7.610811233520508
seg_eb32bc,2.6705856323242188
seg_740837,2.381244659423828
seg_df8e0a,7.110949516296387
seg_3cfb73,8.55548095703125
seg_71c9e9,3.784414768218994
seg_d36055,9.050353050231934
seg_cd43b4,8.784029006958008
seg_77c546,1.0850763320922852
seg_7540f3,5.407960891723633
seg_8f25b0,9.171541213989258
seg_e1468f,9.427523612976074
seg_0dc38f,0.4905672073364258
seg_3e55d5,3.952928066253662
seg_d6ea73,3.373845100402832
seg_6de935,9.413479804992676
seg_c5fc87,3.535590171813965
seg_4db997,2.3482236862182617
seg_b4cb44,8.532491683959961
seg_d1fbb8,8.945862770080566
seg_51865e,4.685758590698242
seg_ade769,5.703922271728516
seg_d24095,8.482114791870117
seg_fcca66,3.5471882820129395
seg_208ba5,2.5517921447753906
seg_130e17,3.6830453872680664
seg_b31961,4.693112850189209
seg_fbddb9,8.998310089111328
seg_a0a423,2.3399620056152344
seg_f2f5a3,1.9039406776428223
seg_7d718e,9.072915077209473
seg_715e2c,6.625723838806152
seg_832a4d,3.373453140258789
seg_96fa35,3.061159133911133
seg_a7b454,4.032894611358643
seg_99f677,3.893343448638916
seg_d098df,8.324002265930176
seg_23efb0,4.481074810028076
seg_e4f203,5.0146870613098145
seg_77e7bf,2.924227237701416
seg_cc7e39,7.39099645614624
seg_86720f,6.902251243591309
seg_baa745,5.8310956954956055
seg_98c544,2.1356430053710938
seg_59cd7d,3.1391544342041016
seg_8a6b0e,3.1461124420166016
seg_c81e10,8.03714656829834
seg_361f5a,9.310189247131348
seg_8866f0,1.5166053771972656
seg_de3237,8.511372566223145
seg_957ece,-0.7849388122558594
seg_e2c82c,3.2834253311157227
seg_c571ef,5.140339374542236
seg_0c9aa8,9.063697814941406
seg_724df9,2.807373046875
seg_d59e4e,4.54703950881958
seg_a9b957,5.180322647094727
seg_50b048,5.382842540740967
seg_d6b198,5.187921047210693
seg_337b8c,3.482466697692871
seg_1b1ad8,4.5172247886657715
seg_6d35cd,1.4865913391113281
seg_1c4c5b,5.611691951751709
seg_3aca44,0.8050603866577148
seg_8244bf,3.9382925033569336
seg_103b32,3.910069465637207
seg_67599b,6.230841636657715
seg_ae9761,9.286641120910645
seg_c666dd,4.216355323791504
seg_e6e24e,6.171889305114746
seg_d63175,6.448363304138184
seg_8c6d4e,3.0768041610717773
seg_3128e6,2.1840505599975586
seg_b9d8a0,6.543205261230469
seg_26a2a0,2.3161067962646484
seg_29d497,6.083709239959717
seg_63c983,1.969306468963623
seg_6f17de,2.143698215484619
seg_14c371,7.756224632263184
seg_25b38a,7.788763046264648
seg_941759,7.588407516479492
seg_d14524,4.963858604431152
seg_73858d,9.02409553527832
seg_0e1fbe,3.5736594200134277
seg_05a4ad,6.524982452392578
seg_eb7595,5.519080638885498
seg_478327,5.26259183883667
seg_1a8e06,3.5323400497436523
seg_310230,3.5169272422790527
seg_f6828d,1.797924518585205
seg_3b7175,3.4762349128723145
seg_fb11ba,6.041586875915527
seg_ee7224,2.0593738555908203
seg_950048,4.745615005493164
seg_6e98aa,2.1787824630737305
seg_9a1a4f,4.932956218719482
seg_447cb3,9.513873100280762
seg_d21066,4.865513801574707
seg_bc07c8,-0.0807485580444336
seg_75211e,5.989343643188477
seg_899bf0,4.928918838500977
seg_e7d3e7,7.7524003982543945
seg_6c8a45,4.592291355133057
seg_84c7fb,5.685049057006836
seg_f6b70c,7.5436601638793945
seg_597bd6,6.700963497161865
seg_27db4d,7.186990737915039
seg_e00465,8.847749710083008
seg_827c07,3.212156295776367
seg_a3ab46,4.277679443359375
seg_ba1d68,3.157731533050537
seg_beda44,4.437310695648193
seg_22e509,2.707855701446533
seg_6e7f73,9.420370101928711
seg_1d596d,2.918376922607422
seg_8dd2ab,2.0789175033569336
seg_2d3828,5.381555080413818
seg_4d8f0f,4.340880393981934
seg_7fd6b7,8.948509216308594
seg_b695b3,4.113990306854248
seg_d0598e,2.4829964637756348
seg_ee4ae5,2.7121047973632812
seg_0b48c4,2.1896538734436035
seg_a50d28,9.052984237670898
seg_e5deec,2.407054901123047
seg_902bc1,7.760784149169922
seg_46dd7c,1.5268735885620117
seg_a91c03,7.333117485046387
seg_89791c,3.945919990539551
seg_f931de,4.432386875152588
seg_c21d60,5.175639629364014
seg_8da61a,6.946115493774414
seg_16566c,4.340182781219482
seg_efb639,7.192412376403809
seg_b291c0,4.177944660186768
seg_5597ed,3.6794533729553223
seg_4c18e2,2.174226760864258
seg_496dad,1.6569538116455078
seg_301c1e,6.531496047973633
seg_f34877,7.0941009521484375
seg_53a5fd,3.850536346435547
seg_0ba210,9.250805854797363
seg_016913,2.341945171356201
seg_19e1ff,6.184491157531738
seg_da8b88,4.128836154937744
seg_58ea74,8.360803604125977
seg_fa796b,3.328740119934082
seg_f21bf4,4.836242198944092
seg_c2b8f7,3.5477347373962402
seg_dad4f2,7.56739616394043
seg_e8d02f,2.8420095443725586
seg_b5804a,2.6674156188964844
seg_f6abc5,9.169700622558594
seg_b691c5,1.6375808715820312
seg_bc2186,6.642534255981445
seg_eb1d6e,2.787583351135254
seg_4ddddc,6.554384708404541
seg_09f0ff,3.0787625312805176
seg_f9e4f2,9.028301239013672
seg_523945,1.8562841415405273
seg_a5dea6,9.406228065490723
seg_65fbac,7.731937408447266
seg_7b0936,9.389756202697754
seg_38ad16,9.262153625488281
seg_f59974,8.629842758178711
seg_0cca14,2.6318202018737793
seg_a704ee,6.600002288818359
seg_2f8f6d,9.173863410949707
seg_071067,2.121852397918701
seg_e5e238,1.5775680541992188
seg_dd780d,4.754616737365723
seg_90e904,1.1421079635620117
seg_bff05e,9.005114555358887
seg_514543,4.081911087036133
seg_289d99,2.1459531784057617
seg_225320,9.350423812866211
seg_8515fd,3.597855567932129
seg_ab4bca,2.162346839904785
seg_753190,7.985866546630859
seg_a96b47,2.3816909790039062
seg_39ad50,1.9600582122802734
seg_d27812,2.7501931190490723
seg_687a5c,2.625842571258545
seg_c179f8,5.730900764465332
seg_e8a4f4,4.431573867797852
seg_dc23c0,8.528399467468262
seg_9bee43,1.232156753540039
seg_c0c0ed,4.972797393798828
seg_7630c5,9.641691207885742
seg_592807,8.259563446044922
seg_34ef79,5.06408166885376
seg_e1daa0,3.739198684692383
seg_01ecb0,2.7155332565307617
seg_45e7ad,3.0046911239624023
seg_24e071,2.6110639572143555
seg_70991d,4.520145416259766
seg_a61e1c,3.5916004180908203
seg_89eed6,4.022603511810303
seg_9d452d,4.131091594696045
seg_496d07,3.8634395599365234
seg_a6eed3,3.0397443771362305
seg_74ffde,4.668374538421631
seg_05f126,8.379322052001953
seg_32f6df,5.747693061828613
seg_e266f4,5.363518714904785
seg_2916e3,8.205883979797363
seg_1cd352,5.472865581512451
seg_70be4d,8.921548843383789
seg_7eb108,9.406638145446777
seg_9c8162,6.307791233062744
seg_df99d4,3.599602222442627
seg_92be9f,5.604936122894287
seg_288001,4.869470596313477
seg_bb92b1,5.413444995880127
seg_0b3b94,4.311903953552246
seg_cc096e,9.084278106689453
seg_0dfe8c,4.251245498657227
seg_3e87b4,-1.1808671951293945
seg_0a97c4,3.754744052886963
seg_6696d0,3.178821086883545
seg_3d9aa0,4.207099437713623
seg_03d680,8.847331047058105
seg_59de0b,-0.8921194076538086
seg_19515c,5.132204532623291
seg_e0ce38,8.380582809448242
seg_d42c77,5.585118770599365
seg_b52add,9.500192642211914
seg_dc1cf0,9.178858757019043
seg_c747b4,4.180261611938477
seg_0b54ac,2.4590797424316406
seg_39a886,5.109907627105713
seg_de4e1d,4.127073287963867
seg_929ded,6.274258613586426
seg_04b87a,8.068638801574707
seg_0dcc40,5.807528495788574
